loc1	gene_id1	tx1	insert	loc2	gene_id2	tx2	fusion_type	gene1	gene2
8:132024215-132059382	OC90	NM_001080399		12:26905180-26937981	INTS13	NM_018164	canonical_fusion	OC90	INTS13
8:73290241-73294466	RPL7	NM_000971		7:90469638-90513397	LOC102723899	NM_001365443	canonical_fusion	RPL7	LOC102723899
11:60492777-60507428	MS4A12	NM_001164470		5:140360193-140375140	SLC4A9	NM_001258426	canonical_fusion	MS4A12	SLC4A9
6:41335607-41350889	NCR2	NM_001199509		15:51938024-51971801	LEO1	NM_001286430	canonical_fusion	NCR2	LEO1
9:113104722-113111677	FAM225B	NR_024376		18:73324940-73349889	LINC02582	NR_038340	canonical_fusion	FAM225B	LINC02582
15:62196171-62203318	LOC107984784	NR_148210		1:156742106-156752448	HDGF	NM_001126050	canonical_fusion	LOC107984784	HDGF
4:4761759-4787374	LOC101928279	NR_125892		8:39743735-39838227	ADAM2	NM_001278113	canonical_fusion	LOC101928279	ADAM2
X:147981336-148026664	FMR1NB	NM_152578		9:104270228-104286578	LOC105376194	NR_135141	canonical_fusion	FMR1NB	LOC105376194
8:38386440-38409524	LETM2	NM_001199659		13:30340265-30373914	LINC00426	NR_024464	canonical_fusion	LETM2	LINC00426
14:90455229-90458905	LINC00642	NR_033986		14:35826337-35871963	BRMS1L	NM_032352	canonical_fusion	LINC00642	BRMS1L
10:100987542-100994403	TWNK	NM_001163812		2:176157306-176173098	HOXD3	NM_006898	canonical_fusion	TWNK	HOXD3
10:106140164-106188722	LINC02624	NR_134330		2:231732424-231781327	PDE6D	NM_001291018	canonical_fusion	LINC02624	PDE6D
16:86474524-86508860	FENDRR	NR_033925		20:44531780-44619037	PKIG	NM_001281444	canonical_fusion	FENDRR	PKIG
9:2804154-2844095	PUM3	NM_014878		15:82293282-82334561	ADAMTS7P1	NR_045529	canonical_fusion	PUM3	ADAMTS7P1
4:158521713-158653369	RXFP1	NM_001253727		12:53995207-53996785	HOXC-AS2	NR_047505	canonical_fusion	RXFP1	HOXC-AS2
13:19674751-19783036	PSPC1	NM_001042414		10:48306638-48439359	MAPK8	NM_001278547	canonical_fusion	PSPC1	MAPK8
12:49064675-49069979	RHEBL1	NM_001303126		13:25246200-25287488	MTMR6	NM_004685	canonical_fusion	RHEBL1	MTMR6
2:207662383-207679122	LINC01857	NR_135566		1:160608099-160647311	SLAMF1	NM_001330754	canonical_fusion	LINC01857	SLAMF1
17:76453350-76470117	AANAT	NM_001088		7:140404057-140427974	RAB19	NM_001008749	canonical_fusion	AANAT	RAB19
16:80567102-80572808	LINC01227	NR_104665		7:37683765-37743835	GPR141	NM_001329993	canonical_fusion	LINC01227	GPR141
4:672435-674276	ATP5ME	NM_007100		6:136999970-137045180	IL20RA	NM_001278722	canonical_fusion	ATP5ME	IL20RA
19:50819145-50823787	KLK1	NM_002257		X:66162670-66268863	HEPH	NM_001130860	canonical_fusion	KLK1	HEPH
14:77800108-77935014	ADCK1	NM_001142545		19:44286347-44305025	ZNF235	NM_004234	canonical_fusion	ADCK1	ZNF235
2:85657306-85668741	SFTPB	NM_000542		2:11155371-11178872	SLC66A3	NM_001282710	canonical_fusion	SFTPB	SLC66A3
4:94757954-95158450	BMPR1B	NM_001203		17:42998272-43002954	RPL27	NM_000988	canonical_fusion	BMPR1B	RPL27
6:31670950-31672450	LY6G5B	NM_021221_4		2:9951692-10002277	GRHL1	NM_198182	canonical_fusion	LY6G5B	GRHL1
6:3722601-3752012	PXDC1	NM_183373		X:154823347-154834662	SMIM9	NM_001162936	canonical_fusion	PXDC1	SMIM9
4:53695900-53734358	LOC100506444	NR_125918		5:147390807-147510068	DPYSL3	NM_001197294	canonical_fusion	LOC100506444	DPYSL3
14:22971176-22982551	AJUBA	NM_032876		8:133886495-133902407	LOC101927822	NR_125424	canonical_fusion	AJUBA	LOC101927822
1:150926262-150964737	SETDB1	NM_001145415		17:9910605-10198606	GAS7	NM_001130831	canonical_fusion	SETDB1	GAS7
4:2930560-2934859	MFSD10	NM_001120		7:2906075-3043867	CARD11	NM_001324281	canonical_fusion	MFSD10	CARD11
4:118591743-118635025	LOC729218	NR_103825		2:169509701-169526257	KLHL41	NM_006063	canonical_fusion	LOC729218	KLHL41
1:248850007-248859085	ZNF692	NM_001136036		12:47661248-47706061	RPAP3	NM_001146075	canonical_fusion	ZNF692	RPAP3
6:142751468-142945176	HIVEP2	NM_006734		12:52468515-52473805	KRT6C	NM_173086	canonical_fusion	HIVEP2	KRT6C
19:39602523-39607474	LGALS13	NM_013268		7:128876864-128910709	KCP	NM_001366122	canonical_fusion	LGALS13	KCP
17:81239310-81241310	NDUFAF8	NM_001086521		3:193840827-193844009	LINC02038	NR_146718	canonical_fusion	NDUFAF8	LINC02038
8:124973294-124979388	ZNF572	NM_152412		5:161685720-161702592	GABRA6	NM_000811	canonical_fusion	ZNF572	GABRA6
X:43654906-43746824	MAOA	NM_000240		11:767222-777487	GATD1	NM_001318818	canonical_fusion	MAOA	GATD1
22:39743043-39893760	ENTHD1	NM_152512		10:97766750-97771999	SFRP5	NM_003015	canonical_fusion	ENTHD1	SFRP5
15:88585570-88605110	LINC01586	NR_120369		X:23908005-23939507	CXorf58	NM_001169574	canonical_fusion	LINC01586	CXorf58
17:17843510-17972400	TOM1L2	NM_001033551		15:96772004-96783337	SPATA8-AS1	NR_102753	canonical_fusion	TOM1L2	SPATA8-AS1
19:52612364-52690581	ZNF83	NM_001105549		15:48988638-49046446	SECISBP2L	NM_001193489	canonical_fusion	ZNF83	SECISBP2L
8:100257058-100336204	RNF19A	NM_001280539		20:472497-543790	CSNK2A1	NM_001362770	canonical_fusion	RNF19A	CSNK2A1
11:45909665-45918123	PEX16	NM_004813		14:73787359-73803628	LOC100506476	NR_109995	canonical_fusion	PEX16	LOC100506476
12:4720399-4772726	GALNT8	NM_017417		X:17970172-18104644	LINC01456	NR_133641	canonical_fusion	GALNT8	LINC01456
6:136256626-136289851	BCLAF1	NM_001077440		19:52968250-52993531	ZNF702P	NR_003578	canonical_fusion	BCLAF1	ZNF702P
12:18683179-18738012	PLCZ1	NM_001330769		11:127271069-127337033	LINC02712	NR_120580	canonical_fusion	PLCZ1	LINC02712
16:165977-166764	HBM	NM_001003938		16:172875-173710	HBA2	NM_000517	canonical_fusion	HBM	HBA2
11:55262154-55271112	TRIM48	NM_024114		2:61888722-62136070	COMMD1	NM_001321781	canonical_fusion	TRIM48	COMMD1
6:99520993-99533183	TSTD3	NM_001195131		15:77041403-77071109	TSPAN3	NM_001168412	canonical_fusion	TSTD3	TSPAN3
13:44939248-44989471	NUFIP1	NM_012345		6:119177204-119349761	MAN1A1	NM_005907	canonical_fusion	NUFIP1	MAN1A1
13:99962963-99971909	ZIC5	NR_146224		19:55675194-55695767	EPN1	NM_001130071	canonical_fusion	ZIC5	EPN1
8:22146829-22156806	LGI3	NM_139278		18:47808956-47931146	SMAD2	NM_001003652	canonical_fusion	LGI3	SMAD2
3:184186074-184194007	ABCF3	NM_001351298		8:123768438-123815450	FAM91A1	NM_001317917	canonical_fusion	ABCF3	FAM91A1
14:24505352-24508265	CMA1	NM_001308083		3:14112076-14124870	CHCHD4	NM_001098502	canonical_fusion	CMA1	CHCHD4
14:73136506-73223691	PSEN1	NM_000021		10:133085248-133086697	ADGRA1-AS1	NR_111905	canonical_fusion	PSEN1	ADGRA1-AS1
19:47778702-47784682	SELENOW	NM_003009		4:55853647-55905086	EXOC1	NM_001024924	canonical_fusion	SELENOW	EXOC1
17:44141929-44162476	C17orf53	NM_001171251		4:3463305-3501482	DOK7	NM_001164673	canonical_fusion	C17orf53	DOK7
4:17486392-17512234	QDPR	NM_000320		22:22484425-22508742	ZNF280B	NM_080764_2	canonical_fusion	QDPR	ZNF280B
17:67825502-67984378	BPTF	NM_004459		9:89005770-89178818	SHC3	NM_016848	canonical_fusion	BPTF	SHC3
3:38282293-38318575	SLC22A14	NM_001320033		4:42110852-42152655	BEND4	NM_001159547	canonical_fusion	SLC22A14	BEND4
2:54330883-54361579	C2orf73	NM_001100396		5:150497778-150558211	NDST1	NM_001301063	canonical_fusion	C2orf73	NDST1
19:14031761-14053218	IL27RA	NM_004843		2:196763034-196799683	GTF3C3	NM_001206774	canonical_fusion	IL27RA	GTF3C3
5:177801078-177809507	LOC105377752	NR_157842		2:216109347-216206293	XRCC5	NM_021141	canonical_fusion	LOC105377752	XRCC5
12:27022521-27030673	MED21	NM_001271811		19:17281900-17287646	ANKLE1	NM_001278443	canonical_fusion	MED21	ANKLE1
20:45948659-45972203	ZNF335	NM_022095		19:33132113-33175797	WDR88	NM_173479	canonical_fusion	ZNF335	WDR88
19:41883183-41907452	ARHGEF1	NM_004706		13:97222288-97394120	MBNL2	NM_001306070	canonical_fusion	ARHGEF1	MBNL2
9:5450502-5470567	CD274	NM_001267706		12:53750446-53757034	CISTR	NR_104332	canonical_fusion	CD274	CISTR
11:55978702-55986405	OR7E5P	NR_027688		2:157257704-157318489	GALNT5	NM_001329868	canonical_fusion	OR7E5P	GALNT5
14:20556092-20560931	RNASE9	NM_001110356		17:70051270-70068095	LINC01028	NR_104129	canonical_fusion	RNASE9	LINC01028
3:69084936-69106092	ARL6IP5	NM_006407		1:156920631-156933094	LRRC71	NM_144702	canonical_fusion	ARL6IP5	LRRC71
5:150601075-150659207	SYNPO	NM_001166208		10:38428145-38452153	LINC00999	NR_024497	canonical_fusion	SYNPO	LINC00999
3:177441920-177752704	LINC00578	NR_047568		17:7281717-7288257	SLC2A4	NM_001042	canonical_fusion	LINC00578	SLC2A4
11:66257293-66267861	KLC2	NM_001134774		3:100260991-100325236	TBC1D23	NM_001199198	canonical_fusion	KLC2	TBC1D23
10:102226298-102229587	ELOVL3	NM_152310		6:35805351-35824069	LHFPL5	NM_182548	canonical_fusion	ELOVL3	LHFPL5
7:43758672-43807342	BLVRA	NM_000712		11:77216557-77301666	GDPD4	NM_182833	canonical_fusion	BLVRA	GDPD4
7:129188632-129213544	SMO	NM_005631		4:122379010-122429784	ADAD1	NM_001159285	canonical_fusion	SMO	ADAD1
6:20099685-20212469	MBOAT1	NM_001080480		2:9843441-9934416	TAF1B	NM_001318976	canonical_fusion	MBOAT1	TAF1B
11:116639421-116658252	LINC02702	NR_135069		19:6752161-6767435	SH2D3A	NM_005490	canonical_fusion	LINC02702	SH2D3A
7:30651941-30700103	CRHR2	NM_001202475		1:13410449-13421328	PRAMEF20	NM_001099852	canonical_fusion	CRHR2	PRAMEF20
8:57218275-57232954	LINC01606	NR_038235_2		14:101730436-101732525	LINC00239	NR_026774	canonical_fusion	LINC01606	LINC00239
1:13196187-13201409	PRAMEF13	NM_001291380_3		10:114821779-114899831	FAM160B1	NM_001135051	canonical_fusion	PRAMEF13	FAM160B1
2:61868084-61888671	CCT4	NM_001256721		7:66114817-66154566	CRCP	NM_001040647	canonical_fusion	CCT4	CRCP
5:139475532-139482758	TMEM173	NM_001301738		18:68673687-68715173	TMX3	NM_001350512	canonical_fusion	TMEM173	TMX3
11:85957175-86069860	PICALM	NM_001008660		13:73564243-73587879	LINC00392	NR_047009	canonical_fusion	PICALM	LINC00392
11:32892810-32980268	QSER1	NM_001076786		11:16738646-16758340	C11orf58	NM_014267	canonical_fusion	QSER1	C11orf58
4:185018840-185020804	HELT	NM_001300781		2:41935367-41953806	C2orf91	NR_161189	canonical_fusion	HELT	C2orf91
14:100323338-100330421	SLC25A47	NM_001350877		14:36657567-36677806	PAX9	NM_006194	canonical_fusion	SLC25A47	PAX9
9:120600810-120714470	MEGF9	NM_001080497		20:26009798-26023267	LOC100134868	NR_004846	canonical_fusion	MEGF9	LOC100134868
9:126614442-126701032	LMX1B	NM_001174146		7:100148917-100154212	LAMTOR4	NM_001008395	canonical_fusion	LMX1B	LAMTOR4
11:369498-382117	B4GALNT4	NM_178537		20:62228242-62236301	LOC105369209	NR_160555	canonical_fusion	B4GALNT4	LOC105369209
9:121455040-121500027	GGTA1P	NR_003191		19:47520689-47573148	ZNF541	NM_001277075	canonical_fusion	GGTA1P	ZNF541
3:51817602-51819635	IQCF4	NR_038213		14:34515928-34539737	EAPP	NM_001318916	canonical_fusion	IQCF4	EAPP
9:110668790-110806558	MUSK	NM_001166280		22:30459228-30472047	SEC14L3	NM_001257378	canonical_fusion	MUSK	SEC14L3
4:70430491-70482997	MUC7	NM_001145006		9:135561755-135566954	PAEP	NM_001018048	canonical_fusion	MUC7	PAEP
13:25172823-25180001	LINC00463	NR_120428		11:95790460-95832693	CEP57	NM_001243776	canonical_fusion	LINC00463	CEP57
10:25934228-26212532	MYO3A	NM_001368265		16:396728-400754	NME4	NM_001286433	canonical_fusion	MYO3A	NME4
16:715117-719655	METRN	NM_024042		14:100291115-100306444	SLC25A29	NM_001039355	canonical_fusion	METRN	SLC25A29
10:75210153-75231448	VDAC2	NM_001184783		7:124777291-124790810	C7orf77	NM_001024603	canonical_fusion	VDAC2	C7orf77
5:1887330-1900490	CTD-2194D22.4	NR_109912		X:147911918-147951127	FMR1	NM_001185075	canonical_fusion	CTD-2194D22.4	FMR1
16:84053762-84116942	MBTPS1	NM_003791	16:84116612-84116734(-)	9:71862451-71911245	ABHD17B	NM_001025780	EE_fusion	MBTPS1	ABHD17B
2:113611238-113627138	RPL23AP7	NR_000029	2:113626702-113627037(-)	11:57406953-57427580	SLC43A3	NM_001278201	EE_fusion	RPL23AP7	SLC43A3
11:50279827-50298462	LOC441601	NR_003034	11:50298079-50298179(-)	17:39737937-39747285	GRB7	NM_001030002	EE_fusion	LOC441601	GRB7
20:59863571-59933637	SYCP2	NM_014258	20:59933383-59933568(-)	11:119355214-119381690	USP2	NM_001243759	EE_fusion	SYCP2	USP2
16:89575757-89597246	CPNE7	NM_014427	16:89577721-89577815(+)	3:124761948-124901411	ITGB5	NM_001354764	EE_fusion	CPNE7	ITGB5
22:22644619-22647898	GGTLC2	NM_001282879	22:22646521-22646662(+)	19:5681026-5688522	HSD11B1L	NM_001267868	EE_fusion	GGTLC2	HSD11B1L
19:9959560-10010504	COL5A3	NM_015719	19:10010183-10010297(-)	15:97742615-97874429	LINC00923	NR_024172	EE_fusion	COL5A3	LINC00923
10:103446785-103452370	CALHM2	NM_015916	10:103451971-103452155(-)	13:38050816-38143232	LINC00571	NR_047500	EE_fusion	CALHM2	LINC00571
17:75757893-75765192	GALK1	NM_000154	17:75764818-75764971(-)	1:150321467-150353233	PRPF3	NM_001350529	EE_fusion	GALK1	PRPF3
4:81426392-81471907	RASGEF1B	NM_001300735	4:81471629-81471769(-)	1:228106678-228109312	MRPL55	NM_001321284	EE_fusion	RASGEF1B	MRPL55
2:38131104-38181851	CYP1B1-AS1	NR_027252	2:38131614-38131665(+)	6:11990342-12001244	LOC101928253	NR_125853	EE_fusion	CYP1B1-AS1	LOC101928253
17:79792131-79797077	CBX8	NM_020649	17:79796730-79796929(-)	2:185164953-185167072	LOC105373782	NR_136319	EE_fusion	CBX8	LOC105373782
11:33858575-33892076	LMO2	NM_001142315	11:33869233-33869824(-)	15:65148219-65185342	CLPX	NM_006660	EE_fusion	LMO2	CLPX
12:133080202-133107672	ZNF140	NM_001300776	12:133081329-133081468(+)	11:116748169-116772998	BUD13	NM_001159736	EE_fusion	ZNF140	BUD13
19:50854914-50860764	KLK3	NM_001030047	19:50856399-50856569(+)	15:98437161-98514336	FAM169B	NM_182562	EE_fusion	KLK3	FAM169B
7:15200316-15562015	AGMO	NM_001004320	7:15561525-15561719(-)	15:50241948-50265726	HDC	NM_001306146	EE_fusion	AGMO	HDC
12:79584873-79691097	PAWR	NM_001354732	12:79690513-79690555(-)	X:73447253-73454585	CDX4	NM_005193	EE_fusion	PAWR	CDX4
X:135893715-135913062	SAGE1	NM_018666	X:135896329-135896430(+)	12:100357073-100422055	SLC17A8	NM_001145288	EE_fusion	SAGE1	SLC17A8
6:32578769-32589836	HLA-DRB1	NM_001243965_3	6:32589456-32589642(-)	20:18383366-18467185	DZANK1	NM_001099407	EE_fusion	HLA-DRB1	DZANK1
7:139133743-139191986	TTC26	NM_001144920	7:139134792-139134982(+)	9:19115760-19127606	PLIN2	NM_001122	EE_fusion	TTC26	PLIN2
X:3040233-3112729	ARSF	NM_001201538	X:3068111-3068259(+)	14:20801227-20802844	RNASE1	NM_198234	EE_fusion	ARSF	RNASE1
2:84971160-85059472	KCMF1	NM_020122	2:85028056-85028140(+)	22:18110808-18131732	TUBA8	NM_001193414	EE_fusion	KCMF1	TUBA8
15:71810553-71818253	NR2E3	NM_014249	15:71811609-71811669(+)	18:75409475-75427703	SMIM21	NM_001037331	EE_fusion	NR2E3	SMIM21
6:82892389-83065841	UBE3D	NM_001304437	6:83065512-83065679(-)	13:110641409-110706515	CARS2	NM_001352252	EE_fusion	UBE3D	CARS2
14:44763156-44799126	LINC02302	NR_146457	14:44798792-44798975(-)	X:54932960-54998534	PFKFB1	NM_001271804	EE_fusion	LINC02302	PFKFB1
5:150053290-150113372	CSF1R	NM_001288705	5:150086344-150086378(-)	3:114128651-114199407	DRD3	NM_000796	EE_fusion	CSF1R	DRD3
X:130339887-130373361	SLC25A14	NM_001282195	X:130340353-130340459(+)	6:35794981-35797344	CLPS	NM_001252597	EE_fusion	SLC25A14	CLPS
5:150708746-150759095	DCTN4	NM_001135643	5:150758793-150758858(-)	9:126805005-126838208	ZBTB43	NM_014007	EE_fusion	DCTN4	ZBTB43
8:28890394-29053270	HMBOX1	NM_001135726	8:28963890-28963965(+)	19:35648322-35658782	COX6B1	NM_001863	EE_fusion	HMBOX1	COX6B1
8:67064367-67196614	CSPP1	NM_001291339	8:67086110-67086171(+)	8:28767657-28890181	INTS9	NM_001145159	EE_fusion	CSPP1	INTS9
17:74877310-74893633	FADS6	NM_178128	17:74893256-74893351(-)	8:109086627-109121565	TRHR	NM_003301	EE_fusion	FADS6	TRHR
6:83853265-83857516	RIPPLY2	NM_001009994	6:83853773-83853808(+)	7:123925240-123971413	SPAM1	NM_001174044	EE_fusion	RIPPLY2	SPAM1
X:120524590-120575829	CUL4B	NM_001079872	X:120560033-120560082(-)	10:59736691-59753455	MRLN	NM_001304731	EE_fusion	CUL4B	MRLN
4:39454124-39458948	RPL9	NM_000661	4:39458701-39458890(-)	17:38936431-38967403	FBXO47	NM_001008777	EE_fusion	RPL9	FBXO47
13:42810365-42812562	LINC01050	NR_125747	13:42812235-42812391(-)	X:48346426-48356703	SSX3	NM_021014	EE_fusion	LINC01050	SSX3
19:51367097-51369003	CLDND2	NM_152353	19:51368274-51368408(-)	7:20782278-20786886	SP8	NM_198956	EE_fusion	CLDND2	SP8
X:48831095-48835610	PCSK1N	NM_013271	X:48835354-48835418(-)	9:91063293-91075132	LOC100129316	NR_033912	EE_fusion	PCSK1N	LOC100129316
7:16646133-16706523	BZW2	NM_001159767	7:16665501-16665637(+)	5:146113025-146182787	LARS	NM_001317964	EE_fusion	BZW2	LARS
2:162074856-162077932	LOC100131604	NR_147697	2:162075611-162075803(+)	9:33041765-33076674	SMU1	NM_018225	EE_fusion	LOC100131604	SMU1
6:32948617-32953097	HLA-DMA	NM_006120_6	6:32952897-32952948(-)	1:224929653-225399286	DNAH14	NM_001145154	EE_fusion	HLA-DMA	DNAH14
2:86020215-86105886	POLR1A	NM_015425	2:86105652-86105699(-)	2:32011648-32039835	DPY30	NM_001321209	EE_fusion	POLR1A	DPY30
19:9412425-9435578	ZNF266	NM_001271314	19:9434927-9435283(-)	7:100612161-100615377	MOSPD3	NM_001040097	EE_fusion	ZNF266	MOSPD3
19:8490055-8502640	PRAM1	NM_032152	19:8502370-8502564(-)	8:22440969-22541144	PPP3CC	NM_001243974	EE_fusion	PRAM1	PPP3CC
17:42773448-42779599	VPS25	NM_032353	17:42773878-42773968(+)	19:197015-202209	LINC01002	NR_028324	EE_fusion	VPS25	LINC01002
8:52534036-52565430	ALKAL1	NM_207413	8:52564941-52565066(-)	1:15476103-15491394	CELA2B	NM_015849	EE_fusion	ALKAL1	CELA2B
19:21505601-21540667	ZNF429	NM_001001415	19:21529784-21529913(+)	6:130366280-130443065	TMEM200A	NM_001258277	EE_fusion	ZNF429	TMEM200A
17:15764702-15765689	CDRT15P2	NR_033865	17:15765256-15765335(+)	19:57231022-57235548	AURKC	NM_001015878	EE_fusion	CDRT15P2	AURKC
11:67491767-67505363	PITPNM1	NM_001130848	11:67505156-67505187(-)	10:91163011-91284337	PCGF5	NM_001256549	EE_fusion	PITPNM1	PCGF5
9:113386311-113401338	ALAD	NM_000031	9:113400815-113401211(-)	9:127505343-127579031	NIBAN2	NM_001035534	EE_fusion	ALAD	NIBAN2
19:6531025-6535924	TNFSF9	NM_003811	19:6532816-6532898(+)	1:155127875-155134899	EFNA1	NM_004428	EE_fusion	TNFSF9	EFNA1
4:135866983-135913680	LINC00613	NR_103762	4:135887858-135887970(-)	22:31753967-31907015	DEPDC5	NM_001007188	EE_fusion	LINC00613	DEPDC5
8:38901345-38973911	PLEKHA2	NM_021623	8:38918070-38918100(+)	20:6040545-6054060	LRRN4	NM_152611	EE_fusion	PLEKHA2	LRRN4
X:48903182-48911958	SLC35A2	NM_001032289	X:48911426-48911545(-)	13:112647043-112684497	ATP11AUN	NM_207440	EE_fusion	SLC35A2	ATP11AUN
4:67558726-67607337	STAP1	NM_001317769	4:67571155-67571303(+)	8:124998504-125022283	SQLE	NM_003129	EE_fusion	STAP1	SQLE
12:27524205-27695564	PPFIBP1	NM_001198915	12:27578239-27578353(+)	7:44796680-44803117	PPIA	NM_001300981	EE_fusion	PPFIBP1	PPIA
1:165662211-165698663	ALDH9A1	NM_000696	1:165698215-165698377(-)	5:141966836-141990292	RNF14	NM_001201365	EE_fusion	ALDH9A1	RNF14
19:20619938-20661596	ZNF626	NM_001076675	19:20661317-20661443(-)	17:31937006-32001038	SUZ12	NM_001321207	EE_fusion	ZNF626	SUZ12
7:151048291-151052756	ASIC3	NM_004769	7:151050256-151050418(+)	17:39173452-39197669	CACNB1	NM_000723	EE_fusion	ASIC3	CACNB1
7:119619429-119907375	LINC02476	NR_131960	7:119907103-119907292(-)	11:7850750-7905955	LOC283299	NR_036678	EE_fusion	LINC02476	LOC283299
15:57300364-57307769	LINC00926	NR_024433	15:57307068-57307252(+)	8:55738758-55773378	TMEM68	NM_001286657	EE_fusion	LINC00926	TMEM68
17:82035857-82037697	DCXR	NM_001195218	17:82037276-82037630(-)	9:96313436-96383711	SLC35D2	NM_001286990	EE_fusion	DCXR	SLC35D2
6:42206806-42217861	MRPS10	NM_018141	6:42217743-42217801(-)	17:16988328-16990176	LINC02090	NR_146886	EE_fusion	MRPS10	LINC02090
19:56087365-56121295	ZNF787	NM_001002836	19:56121039-56121171(-)	20:1226119-1254501	RAD21L1	NM_001136566	EE_fusion	ZNF787	RAD21L1
7:22812632-22822849	TOMM7	NM_019059	7:22822624-22822676(-)	2:24049740-24063680	FKBP1B	NM_001322963	EE_fusion	TOMM7	FKBP1B
4:52862316-52866835	RASL11B	NM_023940	4:52863324-52863512(+)	2:240126562-240136347	COPS9	NM_001163424	EE_fusion	RASL11B	COPS9
X:153700491-153724387	BCAP31	NM_001139441	X:153723309-153724015(-)	18:12947983-12987536	SEH1L	NM_001013437	EE_fusion	BCAP31	SEH1L
14:73644985-73703731	DNAL1	NM_001201366	14:73653215-73653304(+)	18:5289018-5297053	ZBTB14	NM_001143823	EE_fusion	DNAL1	ZBTB14
2:46827863-46859006	LINC01119	NR_024452	2:46855990-46856061(+)	9:113275633-113292905	PRPF4	NM_001244926	EE_fusion	LINC01119	PRPF4
15:41182730-41230757	EXD1	NM_001286441	15:41230419-41230478(-)	16:81081944-81096395	GCSH	NM_004483	EE_fusion	EXD1	GCSH
13:73686011-74133929	KLF12	NM_007249	13:74133699-74133738(-)	20:36777441-36863538	SOGA1	NM_080627	EE_fusion	KLF12	SOGA1
2:213275785-213284209	SPAG16-DT	NR_161186	2:213283990-213284032(-)	2:68945231-68952893	GKN2	NM_182536	EE_fusion	SPAG16-DT	GKN2
20:63639704-63653610	STMN3	NM_001276310	20:63652394-63652572(-)	4:70655540-70666508	JCHAIN	NM_144646	EE_fusion	STMN3	JCHAIN
8:1823925-1958641	ARHGEF10	NM_001308152_2	8:1843436-1843555(+)	10:97640685-97676432	PI4K2A	NM_018425	EE_fusion	ARHGEF10	PI4K2A
3:49198427-49258106	CCDC36	NM_001135197	3:49211836-49211947(+)	13:58165826-58209483	LINC02338	NR_120416	EE_fusion	CCDC36	LINC02338
1:182450145-182560597	RGSL1	NM_001137669	1:182454040-182454157(+)	2:70830210-70835816	CD207	NM_015717	EE_fusion	RGSL1	CD207
X:51499908-51507441	LINC01496	NR_110654	X:51507232-51507262(-)	9:83938311-83956986	C9orf64	NM_001317997	EE_fusion	LINC01496	C9orf64
4:109709988-109730070	PLA2G12A	NM_030821	4:109729542-109729601(-)	4:174490174-174522898	HPGD	NM_000860	EE_fusion	PLA2G12A	HPGD
4:41359606-41700044	LIMCH1	NM_001112717	4:41494606-41494677(+)	10:112149864-112183765	GPAM	NM_001244949	EE_fusion	LIMCH1	GPAM
11:67266472-67286556	GRK2	NM_001619	11:67277348-67277466(+)	6:13786548-13814560	MCUR1	NM_001031713	EE_fusion	GRK2	MCUR1
5:147235025-147387855	STK32A	NM_001112724	5:147239686-147239758(+)	8:80485592-80526265	ZBTB10	NM_001105539	EE_fusion	STK32A	ZBTB10
1:156594307-156601487	GPATCH4	NM_015590	1:156601238-156601408(-)	5:159314782-159330473	IL12B	NM_002187	EE_fusion	GPATCH4	IL12B
18:63887704-63903890	SERPINB2	NM_001143818	18:63890095-63890147(+)	8:74350382-74488872	GDAP1	NM_001040875	EE_fusion	SERPINB2	GDAP1
14:56579797-56649514	TMEM260	NM_017799	14:56585032-56585183(+)	2:196133582-196171578	STK17B	NM_004226	EE_fusion	TMEM260	STK17B
11:62419032-62423195	SCGB1A1	NM_003357	11:62422408-62422439(+)	4:151120280-151227909	SH3D19	NM_001009555	EE_fusion	SCGB1A1	SH3D19
10:22928023-23038523	ARMC3	NM_001282745	10:22932044-22932150(+)	19:37411157-37467444	ZNF569	NM_001330482	EE_fusion	ARMC3	ZNF569
17:76868403-76950393	MGAT5B	NM_001199172	17:76872963-76872993(+)	6:113868013-113873347	MROCKI	NR_038863	EE_fusion	MGAT5B	MROCKI
19:7830217-7864976	EVI5L	NM_001159944	19:7846679-7846843(+)	13:103043997-103066417	SLC10A2	NM_000452	EE_fusion	EVI5L	SLC10A2
3:186454980-186493661	LINC02052	NR_033844	3:186493059-186493105(-)	12:96907256-96953779	NEDD1	NM_001135175	EE_fusion	LINC02052	NEDD1
1:156149943-156177751	SEMA4A	NM_001193300	1:156153755-156153934(+)	19:52154106-52171621	ZNF836	NM_001102657	EE_fusion	SEMA4A	ZNF836
19:12688915-12696631	FBXW9	NM_032301	19:12696046-12696172(-)	2:70656783-70768200	ADD2	NM_001185054	EE_fusion	FBXW9	ADD2
11:120325298-120333686	TLCD5	NM_001198670	11:120327640-120327679(+)	17:41754606-41786768	JUP	NM_001352773	EE_fusion	TLCD5	JUP
6:158972870-159000202	RSPH3	NM_001346418	6:158999274-158999434(-)	3:42397082-42410610	LYZL4	NM_001304386	EE_fusion	RSPH3	LYZL4
4:70592255-70607287	AMBN	NM_016519	4:70593395-70593512(+)	14:77131269-77141791	ZDHHC22	NM_001364172	EE_fusion	AMBN	ZDHHC22
3:10164918-10243745	IRAK2	NM_001570	3:10178020-10178066(+)	X:124346281-124373161	SH2D1A	NM_001114937	EE_fusion	IRAK2	SH2D1A
22:15746673-15778289	LINC01297	NR_132385	22:15754453-15754581(+)	3:25718943-25790039	NGLY1	NM_001145293	EE_fusion	LINC01297	NGLY1
19:41796586-41811554	CEACAM3	NM_001277163	19:41797948-41798044(+)	2:17663811-17753829	SMC6	NM_001142286	EE_fusion	CEACAM3	SMC6
6:32934635-32941028	HLA-DMB	NM_002118_2	6:32940692-32940752(-)	19:53467732-53496255	ZNF813	NM_001004301	EE_fusion	HLA-DMB	ZNF813
3:72888045-72976915	GXYLT2	NM_001080393	3:72908559-72908679(+)	5:138946723-139198368	SIL1	NM_001037633	EE_fusion	GXYLT2	SIL1
4:84493282-84498234	NKX6-1	NM_006168	4:84497382-84497558(-)	10:30309800-30349338	MTPAP	NM_018109	EE_fusion	NKX6-1	MTPAP
9:111360684-111484383	ECPAS	NM_001363756	9:111484006-111484115(-)	10:92451683-92574095	IDE	NM_001165946	EE_fusion	ECPAS	IDE
19:44165061-44177685	ZNF226	NM_001032372	19:44165993-44166111(+)	9:102995332-103018488	CYLC2	NM_001340	NE_fusion	ZNF226	CYLC2
7:113116717-113118582	SMIM30	NM_001352687	7:113117701-113117896(-)	12:48789146-48790535	ADCY6-DT	NR_110019	NE_fusion	SMIM30	ADCY6-DT
6:53064997-53100872	FBXO9	NM_012347	6:53073733-53073925(+)	10:27812167-27999079	ARMC4	NM_001290020	NE_fusion	FBXO9	ARMC4
6:16238586-16295549	GMPR	NM_006877	6:16247061-16247252(+)	16:89828474-89871319	SPIRE2	NM_032451	NE_fusion	GMPR	SPIRE2
6:31879759-31897698	EHMT2	NM_001289413_6	6:31896261-31896419(-)	X:152826978-152830757	CETN2	NM_004344	NE_fusion	EHMT2	CETN2
13:33818068-33966558	RFC3	NM_002915	13:33821460-33821592(+)	19:20537991-20565781	ZNF737	NM_001159293	NE_fusion	RFC3	ZNF737
17:17505562-17591708	PEMT	NM_001267551	17:17591301-17591476(-)	17:39461485-39534565	CDK12	NM_015083	NE_fusion	PEMT	CDK12
17:68867286-68955392	ABCA8	NM_001288985	17:68954986-68955163(-)	4:1347207-1388049	UVSSA	NM_001317934	NE_fusion	ABCA8	UVSSA
4:56505208-56524456	ARL9	NM_001363794	4:56511543-56511735(+)	7:95583500-95596516	PDK4	NM_002612	NE_fusion	ARL9	PDK4
1:208728687-208733184	LINC01717	NR_146914	1:208729320-208729351(+)	6:68226969-68329899	LINC02549	NR_125854	NE_fusion	LINC01717	LINC02549
22:18865042-18894431	FAM230F	NR_136571	22:18894109-18894283(-)	8:27633901-27676769	SCARA3	NM_016240	NE_fusion	FAM230F	SCARA3
3:50611861-50649297	MAPKAPK3	NM_001243925	3:50617969-50618058(+)	11:49145091-49208602	FOLH1	NM_001014986	NE_fusion	MAPKAPK3	FOLH1
19:17719479-17734515	MAP1S	NM_001308363	19:17721133-17721230(+)	9:34646588-34651035	GALT	NM_000155	NE_fusion	MAP1S	GALT
3:112604385-112641143	CCDC80	NM_199511	3:112640146-112640196(-)	17:21126927-21192031	DHRS7B	NM_001330159	NE_fusion	CCDC80	DHRS7B
15:94298200-94483952	MCTP2	NM_001159643	15:94314482-94314632(+)	6:41149260-41154349	TREML1	NM_001271807	NE_fusion	MCTP2	TREML1
11:13492044-13496175	PTH	NM_000315	11:13495643-13495766(-)	2:74152527-74178879	MOB1A	NM_001317110	NE_fusion	PTH	MOB1A
9:86264547-86282538	ISCA1	NM_030940	9:86282104-86282275(-)	14:77335020-77377094	TMED8	NM_001346131	NE_fusion	ISCA1	TMED8
5:172194171-172203454	EFCAB9	NM_001171183	5:172199705-172199863(+)	8:63168552-63212788	YTHDF3	NM_001277813	NE_fusion	EFCAB9	YTHDF3
2:164492416-164621482	GRB14	NM_001303422	2:164568000-164568194(-)	X:151734745-151745564	CNGA2	NM_005140	NE_fusion	GRB14	CNGA2
17:43766125-43778977	DUSP3	NM_004090	17:43778584-43778682(-)	12:27710772-27756304	MRPS35	NM_001190864	NE_fusion	DUSP3	MRPS35
11:33256671-33357022	HIPK3	NM_001048200	11:33287676-33287872(+)	13:37534939-37551536	LINC00547	NR_040244	NE_fusion	HIPK3	LINC00547
2:150468192-150487695	RND3	NM_001254738	2:150487053-150487094(-)	11:77614529-77637806	CLNS1A	NM_001293	NE_fusion	RND3	CLNS1A
5:5140329-5320304	ADAMTS16	NM_139056	5:5140888-5141035(+)	2:27427789-27442257	NRBP1	NM_001321357	NE_fusion	ADAMTS16	NRBP1
10:132808391-132942570	CFAP46	NM_001200049	10:132942178-132942305(-)	11:113687545-113706373	TMPRSS5	NM_001288749	NE_fusion	CFAP46	TMPRSS5
2:27771716-27779741	MRPL33	NM_004891	2:27772778-27772893(+)	4:86935001-87141054	AFF1	NM_001166693	NE_fusion	MRPL33	AFF1
7:2354085-2380742	EIF3B	NM_001037283	7:2360964-2361095(+)	8:8100761-8227503	FAM85B	NR_147089	NE_fusion	EIF3B	FAM85B
2:219161465-219170029	SLC23A3	NM_001144889	2:219169271-219169338(-)	15:98003037-98022338	LINC02251	NR_146563	NE_fusion	SLC23A3	LINC02251
17:28546706-28552628	UNC119	NM_001330166	17:28552099-28552189(-)	17:1716522-1738599	WDR81	NM_001163673	NE_fusion	UNC119	WDR81
20:23362181-23373061	GZF1	NM_001317012	20:23363418-23363594(+)	14:91457136-91510480	PPP4R3A	NM_001284280	NE_fusion	GZF1	PPP4R3A
14:93997269-94011695	CCDC197	NM_001351596_2	14:93998276-93998337(+)	11:105092468-105101431	CARD17	NM_001007232	NE_fusion	CCDC197	CARD17
7:149126407-149183026	ZNF398	NM_020781	7:149129128-149129285(+)	17:44004621-44009068	NAGS	NM_153006	NE_fusion	ZNF398	NAGS
X:40580969-40606848	ATP6AP2	NM_005765	X:40589165-40589244(+)	7:151085866-151144434	AGAP3	NM_001042535	NE_fusion	ATP6AP2	AGAP3
4:189940871-189963191	FRG1	NM_004477	4:189943357-189943492(+)	14:60245749-60299087	PPM1A	NM_021003	NE_fusion	FRG1	PPM1A
16:84476354-84504659	MEAK7	NM_020947	16:84504319-84504455(-)	19:13795442-13832215	ZSWIM4	NM_001367834	NE_fusion	MEAK7	ZSWIM4
12:43155314-43163110	LINC02461	NR_146866	12:43159608-43159709(+)	19:20167213-20200488	ZNF486	NM_052852	NE_fusion	LINC02461	ZNF486
19:54874234-54891420	FCAR	NM_002000_7	19:54875429-54875476(+)	13:45341344-45391483	TPT1-AS1	NR_024458	NE_fusion	FCAR	TPT1-AS1
2:43230835-43596046	THADA	NM_001083953	2:43595336-43595535(-)	11:6481500-6484681	TIMM10B	NM_012192	NE_fusion	THADA	TIMM10B
4:15703064-15732787	BST1	NM_004334	4:15705840-15705928(+)	19:3359629-3469217	NFIC	NM_001245002	NE_fusion	BST1	NFIC
19:17871944-17895174	SLC5A5	NM_000453	19:17874329-17874365(+)	11:3626459-3637559	TRPC2	NR_002720	NE_fusion	SLC5A5	TRPC2
2:3379674-3479571	TRAPPC12	NM_001321102	2:3388813-3388872(+)	6:43054028-43059434	MRPL2	NM_001300848	NE_fusion	TRAPPC12	MRPL2
15:58987662-59097419	RNF111	NM_001270528	15:59031868-59031967(+)	10:92291166-92353964	MARCHF5	NM_017824	NE_fusion	RNF111	MARCHF5
18:23453286-23483140	RIOK3	NM_001348193	18:23463176-23463311(+)	6:31494880-31511124	MICB	NM_001289160	NE_fusion	RIOK3	MICB
1:180632021-180890279	XPR1	NM_001135669	1:180682600-180682664(+)	4:99304970-99321401	ADH1B	NM_000668	NE_fusion	XPR1	ADH1B
16:1256068-1259008	TPSD1	NM_012217	16:1257110-1257300(+)	4:176319965-176332245	SPCS3	NM_021928	NE_fusion	TPSD1	SPCS3
14:95876391-95925571	TUNAR	NR_132398	14:95896010-95896157(+)	16:75566378-75577881	GABARAPL2	NM_007285	NE_fusion	TUNAR	GABARAPL2
19:57681976-57690648	ZNF551	NM_001270938	19:57685468-57685518(+)	15:90954875-90963125	RCCD1	NM_001017919	NE_fusion	ZNF551	RCCD1
11:106250018-106264905	LOC101928535	NR_120551	11:106252938-106253108(+)	1:212545693-212556066	LINC01740	NR_125985	NE_fusion	LOC101928535	LINC01740
X:38269162-38327509	RPGR	NM_000328	X:38327008-38327105(-)	17:44308558-44318670	RUNDC3A	NM_001144825	NE_fusion	RPGR	RUNDC3A
7:64313872-64356634	ZNF736	NM_001170905	7:64336520-64336569(+)	6:31580558-31582425	LTB	NM_002341_7	NE_fusion	ZNF736	LTB
9:113112895-113119846	FAM225A	NR_024366	9:113113784-113113975(+)	16:88643288-88651053	CYBA	NM_000101	NE_fusion	FAM225A	CYBA
4:46035769-46124054	GABRG1	NM_173536	4:46123622-46123743(-)	X:153802165-153830887	PDZD4	NM_001303512	NE_fusion	GABRG1	PDZD4
19:34994726-35026469	GRAMD1A	NM_001136199	19:35009518-35009548(+)	8:79764009-79767863	HEY1	NM_001040708	NE_fusion	GRAMD1A	HEY1
22:37225269-37244269	RAC2	NM_002872	22:37243896-37243973(-)	10:5393100-5404828	TUBAL3	NM_001171864	NE_fusion	RAC2	TUBAL3
11:66040764-66049161	GAL3ST3	NM_033036	11:66048865-66048971(-)	10:56357227-56361273	ZWINT	NM_001005413	NE_fusion	GAL3ST3	ZWINT
19:60950-70966	WASH5P	NR_033266	19:70714-70776(-)	6:99606773-99615578	PRDM13	NM_021620	NE_fusion	WASH5P	PRDM13
7:25118650-25125361	CYCS	NM_018947	7:25124851-25125039(-)	10:84139508-84153568	GHITM	NM_014394	NE_fusion	CYCS	GHITM
4:176065840-176182815	WDR17	NM_001350727	4:176111748-176111899(+)	9:125437393-125707234	MAPKAP1	NM_001006617	NE_fusion	WDR17	MAPKAP1
19:4890436-4902896	ARRDC5	NM_001080523	19:4902273-4902444(-)	17:38765690-38799905	PIP4K2B	NM_003559	NE_fusion	ARRDC5	PIP4K2B
8:124942007-124951095	LINC00964	NR_027321	8:124946354-124946536(+)	15:99727400-99733444	LYSMD4	NM_001284417	NE_fusion	LINC00964	LYSMD4
9:122202576-122228957	LHX6	NM_001242333	9:122228045-122228129(-)	19:12345945-12365683	ZNF442	NM_001363774	NE_fusion	LHX6	ZNF442
7:55887455-55942225	ZNF713	NM_001366796	7:55906546-55906622(+)	1:162497173-162529631	UHMK1	NM_001184763	NE_fusion	ZNF713	UHMK1
11:47214941-47239218	DDB2	NM_000107	11:47216644-47216701(+)	18:74435727-74457268	DIPK1C	NM_001044369	NE_fusion	DDB2	DIPK1C
20:9537384-9839076	PAK5	NM_020341	20:9838575-9838729(-)	19:4174108-4182563	SIRT6	NM_001193285	NE_fusion	PAK5	SIRT6
14:22379404-22482959	LOC105370401	NR_148361	14:22482630-22482804(-)	21:44300052-44327373	PFKL	NM_001002021	NE_fusion	LOC105370401	PFKL
5:150113838-150155845	PDGFRB	NM_001355016	5:150155232-150155268(-)	2:230167292-230225636	SP110	NM_001185015	NE_fusion	PDGFRB	SP110
13:113667218-113737736	GRK1	NM_002929	13:113669891-113669960(+)	20:23564732-23568484	CST9L	NM_080610	NE_fusion	GRK1	CST9L
8:375930-383174	FAM87A	NR_103537	8:382859-382890(-)	17:82314872-82317608	CD7	NM_006137	NE_fusion	FAM87A	CD7
14:74405898-74426210	SYNDIG1L	NM_001105579	14:74425590-74425739(-)	12:27958083-27972733	PTHLH	NM_002820	NE_fusion	SYNDIG1L	PTHLH
6:31727039-31730263	DDAH2	NM_001303007_7	6:31728516-31728567(-)	X:15790450-15823259	ZRSR2	NM_005089	NE_fusion	DDAH2	ZRSR2
11:6390473-6394996	SMPD1	NM_000543	11:6392231-6392300(+)	7:99966729-99976031	AZGP1	NM_001185	NE_fusion	SMPD1	AZGP1
19:45815409-45863147	SYMPK	NM_004819	19:45862798-45862885(-)	14:98711612-98717766	C14orf177	NR_161367	NE_fusion	SYMPK	C14orf177
X:123184242-123490915	GRIA3	NM_000828	X:123186083-123186245(+)	4:157076124-157172090	GLRB	NM_000824	NE_fusion	GRIA3	GLRB
1:192809038-192812275	RGS2	NM_002923	1:192810573-192810672(+)	6:33193584-33200853	RXRB	NM_001270401_6	NE_fusion	RGS2	RXRB
10:114294823-114404778	AFAP1L2	NM_001001936	10:114404217-114404376(-)	20:33811347-33854366	CHMP4B	NM_176812	NE_fusion	AFAP1L2	CHMP4B
14:46839624-47674954	MDGA2	NM_001113498	14:47674279-47674349(-)	19:35143254-35154302	FXYD7	NM_022006	NE_fusion	MDGA2	FXYD7
19:55759140-55763175	RFPL4A	NM_001145014	19:55762285-55762404(+)	11:134276378-134319564	GLB1L3	NM_001080407	NE_fusion	RFPL4A	GLB1L3
3:47413680-47475941	SCAP	NM_001320044	3:47475579-47475640(-)	4:26583923-26756223	TBC1D19	NM_001292054	NE_fusion	SCAP	TBC1D19
11:32035978-32041318	LOC100506675	NR_120526	11:32040940-32040996(-)	9:86287732-86354410	TUT7	NM_001185059	NE_fusion	LOC100506675	TUT7
19:35788875-35797909	LINC01529	NR_104176	19:35797594-35797746(-)	19:6440063-6459792	SLC25A23	NM_024103	NE_fusion	LINC01529	SLC25A23
8:55773445-55826445	TGS1	NM_001317902	8:55786020-55786217(+)	7:31751178-32428224	PDE1C	NM_001191056	NE_fusion	TGS1	PDE1C
19:38836369-38852347	HNRNPL	NM_001005335_2	19:38852117-38852252(-)	1:3454664-3481113	ARHGEF16	NM_014448	NE_fusion	HNRNPL	ARHGEF16
8:122670384-122694106	LINC01151	NR_126348	8:122693598-122693757(-)	22:32149005-32159303	C22orf42	NM_001010859	NE_fusion	LINC01151	C22orf42
7:39566403-39612089	YAE1	NM_001282446	7:39570770-39570802(+)	8:65644652-65710563	MTFR1	NM_001145838	NE_fusion	YAE1	MTFR1
17:41812709-41823217	FKBP10	NM_021939	17:41817293-41817390(+)	2:156020534-156254931	LINC01876	NR_110249	NE_fusion	FKBP10	LINC01876
20:49936396-49953885	RNF114	NM_018683	20:49941798-49941958(+)	X:27590343-27749942	DCAF8L2	NM_001353448	NE_fusion	RNF114	DCAF8L2
20:21303330-21389825	XRN2	NM_001317960	20:21326690-21326819(+)	7:141656727-141702166	DENND11	NM_001080392	NE_fusion	XRN2	DENND11
2:44361946-44772592	CAMKMT	NM_024766	2:44373003-44373052(+)	3:176604147-176635532	LINC01208	NR_109968	NE_fusion	CAMKMT	LINC01208
11:85855100-85920020	CCDC83	NM_001286159	11:85865404-85865438(+)	6:26421390-26430588	BTN2A3P	NR_027795	NE_fusion	CCDC83	BTN2A3P
3:44729605-44737083	ZNF501	NM_001258280	3:44731741-44731853(+)	11:121452313-121633763	SORL1	NM_003105	NE_fusion	ZNF501	SORL1
14:77426674-77457640	VIPAS39	NM_001193314	14:77456916-77457040(-)	2:113173970-113209391	PSD4	NM_012455	NE_fusion	VIPAS39	PSD4
18:9475512-9538113	RALBP1	NM_006788	18:9513418-9513508(+)	10:73631611-73641474	MYOZ1	NM_021245	NE_fusion	RALBP1	MYOZ1
3:34875795-35394023	LOC101928135	NR_110817	3:35393635-35393831(-)	19:1573595-1592865	MBD3	NM_001281453	NE_fusion	LOC101928135	MBD3
6:97142160-97283216	MMS22L	NM_001350599	6:97282862-97282946(-)	2:188035595-188287691	LINC01090	NR_126396	NE_fusion	MMS22L	LINC01090
2:226142793-226180062	LOC646736	NR_046102	2:226145776-226145809(+)	X:119078634-119150579	KIAA1210	NM_020721	NE_fusion	LOC646736	KIAA1210
1:205828024-205850132	PM20D1	NM_152491	1:205849603-205849719(-)	4:125316411-125492932	FAT4	NM_001291285	NE_fusion	PM20D1	FAT4
19:42086122-42132473	POU2F2	NM_001207025	19:42132232-42132276(-)	14:91232531-91253880	GPR68	NM_001348437	NE_fusion	POU2F2	GPR68
8:42896977-43030532	HOOK3	NM_032410	8:42906360-42906391(+)	5:158320700-158409773	LINC02227	NR_109888	NE_fusion	HOOK3	LINC02227
11:62676497-62679117	UBXN1	NM_001286077	11:62678206-62678302(-)	12:122078755-122147342	MLXIP	NM_014938_2	NE_fusion	UBXN1	MLXIP
4:8269753-8307098	HTRA3	NM_001297559	4:8282671-8282795(+)	17:16922775-16933176	TBC1D27P	NR_147084	NE_fusion	HTRA3	TBC1D27P
1:173041219-173050963	TNFSF18	NM_005092	1:173050557-173050601(-)	6:2832331-2841863	SERPINB1	NM_030666	NE_fusion	TNFSF18	SERPINB1
19:3769090-3772228	RAX2	NM_001319074	AATTCATAGTCTTAGGTTAGTCACGCGTAAAGCCTACTGG	16:85282957-85288079	LINC00311	NR_038859	INS_fusion	RAX2	LINC00311
19:4183353-4224814	ANKRD24	NM_133475	TTGATAGTAGGATTACATTCAACTA	6:129831243-129861315	TMEM244	NM_001010876	INS_fusion	ANKRD24	TMEM244
9:113313221-113340275	WDR31	NM_001006615	CTACCTG	15:88803435-88875354	ACAN	NM_001135	INS_fusion	WDR31	ACAN
14:31100116-31207793	HECTD1	NM_015382	TTTGGTCGAGAGTTAAGTGTCGGACATACCC	11:392595-404908	PKP3	NM_001303029	INS_fusion	HECTD1	PKP3
15:40035689-40039202	SRP14	NM_001309434	CCTTCTCCTGG	9:17579065-17797124	SH3GL2	NM_003026	INS_fusion	SRP14	SH3GL2
8:22165371-22212326	BMP1	NM_001199	TCTTGCCATTCCCTCTACGTCACTTTCCTCGTATAGTTACCATTAC	3:101724613-101770562	CEP97	NM_001303401	INS_fusion	BMP1	CEP97
1:162378840-162386818	C1orf226	NM_001135240	TTATTTCGAGCCTGCTAG	7:108023554-108130361	LAMB4	NM_001318046	INS_fusion	C1orf226	LAMB4
12:53708517-53727452	CALCOCO1	NM_001143682	TTTCCGATTTAAATCCCAGGTTGAAATTGTGTCGTGAG	4:958886-973569	DGKQ	NM_001347	INS_fusion	CALCOCO1	DGKQ
7:47761475-47766772	LINC00525	NR_038407	CCACACGACGGTCTAC	12:49346887-49353690	DNAJC22	NM_001304944	INS_fusion	LINC00525	DNAJC22
16:70252393-70289509	AARS	NM_001605	CAACACCCCAACCGTACGC	11:119206275-119308149	CBL	NM_005188	INS_fusion	AARS	CBL
6:36968134-36986551	MTCH1	NM_001271641	GCGTCATAAGCGAATACGAATGTGACTGTTGCGATGCGGACTATCCCT	2:20684013-20823130	LDAH	NM_001282719	INS_fusion	MTCH1	LDAH
10:4051725-4089013	LOC101927964	NR_120632	AGCAAAGTAATCGAGTGTGCGCGA	18:76822606-76970726	ZNF236	NM_001306089	INS_fusion	LOC101927964	ZNF236
7:5823159-5854435	ZNF815P	NR_023382	CCTGTGCCGGCAGCTTCTAATTCTGGGTATAGGAA	2:176637753-176655958	LINC01117	NR_110599	INS_fusion	ZNF815P	LINC01117
7:101085480-101097967	TRIM56	NM_030961	AGTTGAAGGGAATTCAGGTAGTCGCTGGCAGATCACGGGACATGGCTGT	8:46579214-46617643	ASNSP1	NR_146077	INS_fusion	TRIM56	ASNSP1
19:35612734-35625351	HAUS5	NM_015302	CACTAAATGCGCG	13:42781549-42791549	FAM216B	NM_001318932	INS_fusion	HAUS5	FAM216B
12:125958685-125983374	LINC00939	NR_034132	ATGTGTTGGTGACCTGCCTTCGTTGGGCACCCCCGATTTTC	2:232406843-232410714	ALPG	NM_031313	INS_fusion	LINC00939	ALPG
19:41114431-41128381	CYP2F1	NM_000774	AATCGAACCACACTTTCTTAGGTGATAACGTCCGTTAATGTTTACAAGA	19:57389849-57402992	ZNF548	NM_001172773	INS_fusion	CYP2F1	ZNF548
10:92826830-93059494	EXOC6	NM_001013848	CTGTAGTTGGATTGTCAGTGTATCGCCCG	6:96562524-96618624	FHL5	NM_001170807	INS_fusion	EXOC6	FHL5
7:20615666-20757008	ABCB5	NM_001163941	CCTAGCAGTGGCCCTGTTA	19:2933217-2944971	ZNF77	NM_021217	INS_fusion	ABCB5	ZNF77
19:51927471-51946621	ZNF613	NM_001031721	TATGGAGAGGCTTGCCACAATCTGCATGCGCCTTACGCA	2:200908976-200963660	ORC2	NM_006190	INS_fusion	ZNF613	ORC2
3:42809444-42867286	ACKR2	NM_001296	ATTTATTACGCGGCA	19:15640896-15662825	CYP4F3	NM_000896	INS_fusion	ACKR2	CYP4F3
19:19516224-19528198	NDUFA13	NM_015965	CCCTGAGCGCC	20:52620837-52650426	LINC01524	NR_110038	INS_fusion	NDUFA13	LINC01524
15:74445976-74461188	UBL7	NM_001286739	CATCTTTAACTCATGGTGCATAAACTAACTGGCGCTAATATGTT	11:67602879-67606706	C11orf72	NR_130935	INS_fusion	UBL7	C11orf72
12:50504984-50748657	DIP2B	NM_173602	CTACCAATGTTAGAACGCGTCTCCTACACATT	22:16601910-16648830	TPTEP1	NR_001591	INS_fusion	DIP2B	TPTEP1
X:137566126-137577691	ZIC3	NM_001330661	TGGTTTCGAGAATAGACTAGTTGGTCACCTTGC	11:6612769-6619422	TPP1	NM_000391	INS_fusion	ZIC3	TPP1
4:75724521-75814289	USO1	NM_001290049	GATCGTTATTCAAGTAGTTCGAGTGCATCAACAACTCGAGGCAAGCT	20:16730025-16742564	SNRPB2	NM_003092	INS_fusion	USO1	SNRPB2
7:130164712-130205406	TMEM209	NM_001301163	GGGCTTAACGTACCCGCTTCACTTAG	19:7903876-7914478	MAP2K7	NM_001297555	INS_fusion	TMEM209	MAP2K7
2:25042075-25159135	EFR3B	NM_001319099	AGCGTTTGTGCCGATCGGGTAGAATTGGAGGACA	7:5880797-5886363	OCM	NM_001097622	INS_fusion	EFR3B	OCM
13:102784280-102798976	POGLUT2	NM_001318732	CAATTGGCACCAACACCCTACGC	5:6371873-6378547	MED10	NM_032286	INS_fusion	POGLUT2	MED10
9:114323022-114326479	ORM1	NM_000607	ACGTAAT	18:47206168-47251660	SKOR2	NM_001037802	INS_fusion	ORM1	SKOR2
2:176080106-176083962	EVX2	NM_001080458	CATGCGTCGAAGGAT	1:161046945-161069891	ARHGAP30	NM_001025598	INS_fusion	EVX2	ARHGAP30
4:73508802-73528533	LINC02499	NR_046377	TGCCAAGCTTCGGCTACGTTCGGGC	4:48490251-48494389	ZAR1	NM_175619	INS_fusion	LINC02499	ZAR1
11:83455012-85628373	DLG2	NM_001142699	TGGCAGGGGTGACACTTGCCTAGACATCGGCGCGGTAG	19:6952499-6990846	ADGRE4P	NR_024075	INS_fusion	DLG2	ADGRE4P
19:10961029-11062468	SMARCA4	NM_001128844	TGCTAAGGG	14:99397747-99480859	SETD3	NM_032233	INS_fusion	SMARCA4	SETD3
22:24806210-24927578	SGSM1	NM_001039948	TTTGCACACGGTCATGTTC	8:58490177-58500163	CYP7A1	NM_000780	INS_fusion	SGSM1	CYP7A1
15:52547044-52569446	ARPP19	NM_001306191	CCAAAACAAGAGCTTGGCTCTGTCCGTTCGTGA	22:19449910-19479193	UFD1	NM_001035247	INS_fusion	ARPP19	UFD1
9:841696-969090	DMRT1	NM_001363767	CGCATGCGCTCCTACACCGATGGATTG	3:50317789-50322850	HYAL2	NM_003773	INS_fusion	DMRT1	HYAL2
9:101028726-101325135	PLPPR1	NM_017753_2	GAACGGCAAGGACTGTCGACTTTGAGGATTACTGCAGCAA	19:18782772-18791305	COMP	NM_000095	INS_fusion	PLPPR1	COMP
20:25006229-25058182	ACSS1	NM_001252675	TCCGAGAACTTTTCGGTGGTCCC	17:75874163-75878581	TRIM47	NM_033452	INS_fusion	ACSS1	TRIM47
17:7407844-7419860	NLGN2	NM_020795_2	TTCTGCACCATATAGGTGGCTCGG	17:6755446-6775645	XAF1	NM_001353134	INS_fusion	NLGN2	XAF1
9:124011767-124033301	LHX2	NM_004789	ATTGGGTGAGGTAAACGACGTAAGTGAAATGTTTTAGGCACTG	12:24566963-24584168	LINC00477	NR_029451	INS_fusion	LHX2	LINC00477
9:27109140-27230178	TEK	NM_000459	TTGCTCTTTTTGGGAAACTGTGTT	8:119833975-119855894	DSCC1	NM_024094	INS_fusion	TEK	DSCC1
X:74582975-74614624	RLIM	NM_016120	GGAACGAGGCGCTTGAAGTGGTGCTATTG	7:151956445-152019929	GALNTL5	NM_145292	INS_fusion	RLIM	GALNTL5
9:131096475-131123152	AIF1L	NM_001185095	TGTAAGCCAATACAACAGC	9:133082538-133087091	CELP	NR_001275	INS_fusion	AIF1L	CELP
9:108867516-108934124	ELP1	NM_001318360	ACATTGACC	3:57089981-57170317	IL17RD	NM_001318864	INS_fusion	ELP1	IL17RD
18:63123345-63319380	BCL2	NM_000633	AATGCTGACCGG	6:105096823-105137157	BVES	NM_001199563	INS_fusion	BCL2	BVES
X:131273505-131289429	IGSF1	NM_001170961	CGGAAGCAATCATCACTGGA	15:100566923-100602184	LINS1	NM_001040616	INS_fusion	IGSF1	LINS1
1:156642116-156659528	BCAN	NM_021948	ACCGTACGCGGCGTGCTGGCCGCTCCGCAAAACA	10:84194536-84219620	CDHR1	NM_001171971	INS_fusion	BCAN	CDHR1
X:71283191-71301171	NONO	NM_001145408	TTGTGCAATATGGCCGTATAAATAGTTATCTTCAGGCGAACAATCTC	11:22818926-22829801	SVIP	NM_001320340	INS_fusion	NONO	SVIP
2:60881573-60931612	REL	NM_001291746	TAGCTCGCGTCAACGTTAACCTGCCACAGGGAGTC	19:11965039-11980616	ZNF763	NM_001012753	INS_fusion	REL	ZNF763
13:108269628-108308484	TNFSF13B	NM_001145645	GGGCGTGCATCTTTAGCTGGCA	10:69451464-69507669	TSPAN15	NM_001351263	INS_fusion	TNFSF13B	TSPAN15
19:12796822-12801800	PRDX2	NM_005809	CTAACTAAGACGTTGTCGCAATGA	5:181261211-181272307	TRIM52-AS1	NR_102760	INS_fusion	PRDX2	TRIM52-AS1
4:133149293-133194700	PCDH10	NM_032961	GCCTGGGTCCACTCAACGAACTACCGTCCAAAATGGACTTTGGC	10:89701589-89774943	KIF20B	NM_001284259	INS_fusion	PCDH10	KIF20B
11:20599399-20655064	SLC6A5	NM_001318369	AATAGCATCGAACGATTGCAGCGTTCTT	6:7389807-7418037	RIOK1	NM_001348194	INS_fusion	SLC6A5	RIOK1
16:89613307-89638433	DPEP1	NM_001128141	AGAGCACTAACTCTTGATAATCTGCC	2:73644918-73685567	ALMS1P1	NR_003683	INS_fusion	DPEP1	ALMS1P1
7:5513853-5525545	LOC221946	NR_126168	TTGTCTAACAACTCGTCTTTACAGCATG	3:182793503-182921629	ATP11B	NM_014616	INS_fusion	LOC221946	ATP11B
19:10486124-10503356	KEAP1	NM_012289	TTGCGCGCAAGACGGCACATATGGCAGTT	7:155799979-155812463	SHH	NM_000193	INS_fusion	KEAP1	SHH
11:612554-615950	IRF7	NM_001572_2	ACCCGAAGCAGGTGTCTTAAAGGTCTAATTC	13:60672954-60695800	LINC00378	NR_047003	INS_fusion	IRF7	LINC00378
11:65570458-65571888	ZNRD2	NM_001303024	CTGGGAGCCAATCATT	14:85387274-85388765	LINC02329	NR_135155	INS_fusion	ZNRD2	LINC02329
8:42271301-42332653	IKBKB	NM_001190720	GAGTGTATCA	11:560969-564025	RASSF7	NM_001143993_2	INS_fusion	IKBKB	RASSF7
2:32277903-32316594	YIPF4	NM_032312	AGTAAGCTATATTTATT	8:67952045-68237032	PREX2	NM_024870	INS_fusion	YIPF4	PREX2
22:43999210-44169232	PARVB	NM_001003828	GCGGTAAACTGGAGTAAACTAGCGTCTTCGTGAATTTACT	11:119729582-119739623	LOC102724301	NR_120587	INS_fusion	PARVB	LOC102724301
19:56404013-56427364	ZNF583	NM_001159860	TGTAGTTAGCGCGCAGAGCACATCACTGT	10:89829492-89840861	LINC00865	NR_038382	INS_fusion	ZNF583	LINC00865
13:51861968-51866232	CCDC70	NM_001346075	GTAACAAACCTGCT	6:88609896-88963618	RNGTT	NM_001286426	INS_fusion	CCDC70	RNGTT
19:54616929-54637530	LILRB1	NM_001081637_4	ATAGTGAATATGTTCGTCATCAGAGGATCGGAAAGCACGGAACGC	7:128709060-128731741	FAM71F1	NM_001282788	INS_fusion	LILRB1	FAM71F1
11:110093391-110171841	ZC3H12C	NM_033390	TTAGTGCTTGCGCGCCGCAGCAGCACGTTCTACCTTG	14:55148134-55191585	DLGAP5	NM_001146015	INS_fusion	ZC3H12C	DLGAP5
17:77527000-77536598	LOC400622	NR_148967	GATTATGCAAATG	3:62318972-62336191	C3orf14	NM_001291941	INS_fusion	LOC400622	C3orf14
13:33016422-33066143	KL	NM_004795	GGTTTCACATC	20:46060994-46089962	NCOA5	NM_001348148	INS_fusion	KL	NCOA5
1:183929661-184037728	COLGALT2	NM_001303420	AAGGCTCTGCAGGCTGAACTCAAAGGTGGAAAAAAAAACGTCGCCGG	11:102942994-102955732	MMP13	NM_002427	INS_fusion	COLGALT2	MMP13
6:119452546-119491302	LOC285762	NR_046100	AGGAGGCTTTGGT	18:50795129-50825380	MRO	NM_001127174	INS_fusion	LOC285762	MRO
10:46887-49238	TUBB8	NM_177987	ATGTACTGGATGCAAGAATGAATGATACGACACATAAAATGAAATAGAG	12:130789600-130839250	STX2	NM_001351049	INS_fusion	TUBB8	STX2
1:8945867-8975089	CA6	NM_001215	GATGGAGTCTGCCGACTGTCCGAGGTACCTCGCAGGGGC	11:125903327-125928843	DDX25	NM_001330438	INS_fusion	CA6	DDX25
X:47145217-47186815	RBM10	NM_001204466	AATTGTTAGACCTGCTGGGAGCGAGTTCT	19:54190267-54194536	TSEN34	NM_001077446_2	INS_fusion	RBM10	TSEN34
12:70638072-70920738	PTPRR	NM_001207015	AAATGCGTACAAAGCCACGTTTCGGCAATG	19:50358476-50365639	NAPSA	NM_004851	INS_fusion	PTPRR	NAPSA
6:27761743-27763187	LOC100131289	NR_038929	TTCCGTTCCAAATCGGGCGCGTTCATTCGACTGAGACAACTTAG	3:49171597-49176486	KLHDC8B	NM_173546	INS_fusion	LOC100131289	KLHDC8B
4:102630769-102760968	MANBA	NM_005908	ACCAAGTAAATTCGTGCGTGACAGGCCTCCTCGTGACGGTTACTCCATT	19:51311847-51330868	IGLON5	NM_001101372	INS_fusion	MANBA	IGLON5
14:94280459-94293268	SERPINA10	NM_001100607	CTTCCCACG	X:77447388-77457278	FGF16	NM_003868	INS_fusion	SERPINA10	FGF16
6:30676388-30687207	PPP1R18	NM_001134870_2	CACTTATTTGCCAGGGAAAAAA	6:104957106-105083332	LIN28B	NM_001004317	INS_fusion	PPP1R18	LIN28B
2:24010084-24026775	MFSD2B	NM_001346880	ACTAGACTCTGTCTAGCAGCTATCTTTCTACTTCTGTTGAAG	9:127263661-127393660	GARNL3	NM_001286779	INS_fusion	MFSD2B	GARNL3
2:237324011-237414207	COL6A3	NM_004369	GGTTAGGGTACCTCACACGAACAGCTTTCTGCAATGCAGCGGCCAA	19:36114985-36125948	TBCB	NM_001281	INS_fusion	COL6A3	TBCB
22:42583720-42614962	POLDIP3	NM_001278657	TCGCAAG	1:152106316-152115454	TCHH	NM_007113	INS_fusion	POLDIP3	TCHH
12:12326055-12350242	MANSC1	NM_001363613	AAGCACTTCC	12:71609600-71663848	ZFC3H1	NM_144982	INS_fusion	MANSC1	ZFC3H1
17:18426860-18431926	KRT17P2	NR_146075	CAAGCACCCCTCTTTGCATCACTTGCCGCTG	2:239762859-239800662	LOC150935	NR_037808	INS_fusion	KRT17P2	LOC150935
19:38390199-38399883	SPRED3	NM_001042522	ACACCACGCCTGTAAGCCTTGGCTGATTC	5:140245034-140303101	PFDN1	NM_002622	INS_fusion	SPRED3	PFDN1
10:97498923-97571206	UBTD1	NM_024954	TGTGCGTAGGTAACTCAAGTTTGCAACAGTCTCT	16:74377951-74392114	NPIPB15	NM_001306094	INS_fusion	UBTD1	NPIPB15
3:184053046-184060673	HTR3C	NM_130770	GGACTAATCAGACTCCTCTTCGGA	2:124011934-124025174	LOC107985820	NR_147976	INS_fusion	HTR3C	LOC107985820
1:16231691-16237183	CPLANE2	NM_030907	GGTTTGGTACAATCGTGACCACCAAACTCTCATATCCGGACAGACTAG	15:40569292-40574949	RPUSD2	NM_001286407	INS_fusion	CPLANE2	RPUSD2
3:196506878-196515346	SMCO1	NM_001077657	ACCGTTATAACCATTGCGGGGGGTTCAAG	4:119296418-119304445	C4orf3	NM_001170330	INS_fusion	SMCO1	C4orf3
6:146543832-146554953	RAB32	NM_006834	GAATTCTCTGTGCGACAGATCAGCAAAC	16:53827-57669	SNRNP25	NM_024571	INS_fusion	RAB32	SNRNP25
21:45981748-46005049	COL6A1	NM_001848	GCAAGACCACTGTCGGTGGCCCTACGCGGGCAGG	15:78921749-78945098	CTSH	NM_001319137	INS_fusion	COL6A1	CTSH
9:121567101-121785530	DAB2IP	NM_032552	GAACAAGCCTCGGTGTAATTGCC	17:5469091-5470360	DHX33-DT	NR_135644	INS_fusion	DAB2IP	DHX33-DT
6:31723343-31726708	MPIG6B	NM_025260_6	ATACGACCTCTG	6:24804283-25042288	RIPOR2	NM_001286445	INS_fusion	MPIG6B	RIPOR2
14:96279194-96363341	ATG2B	NM_018036	TTGTTAACGACGCACTCACTTGTACAAATGAAGA	2:208160739-208163589	CRYGA	NM_014617	INS_fusion	ATG2B	CRYGA
15:88635631-88656483	ISG20	NM_001303233	ATTTCTGGAATTTGTCCTCTCGTGTGTAACCGTTGGCGGC	6:132722786-132734765	VNN3	NM_001291702	INS_fusion	ISG20	VNN3
1:157573747-157598085	FCRL4	NM_031282	AATAGCGTAACGCTTTTGACATTTCGTTACGA	10:93306428-93482334	MYOF	NM_013451	INS_fusion	FCRL4	MYOF
12:122471599-122500932	ZCCHC8	NM_001350935	AGCAGCCGGGGGGCCATCGTCATATATACCTGACACAAAAA	16:75204102-75207161	CTRB2	NM_001025200_2	INS_fusion	ZCCHC8	CTRB2
11:1983208-1989920	MRPL23-AS1	NR_024471	TACTGCGCA	8:73780095-73878862	UBE2W	NM_001001481	INS_fusion	MRPL23-AS1	UBE2W
1:1280435-1292029	SCNN1D	NM_001130413	TTAGTGTAAGCTAAAG	1:183620845-183635783	ARPC5	NM_001270439	INS_fusion	SCNN1D	ARPC5
7:66075818-66093573	ASL	NM_000048	TAGCCCATTCATGTAGCTGCGGCAATTAAGACCG	10:110567690-110604634	SMC3	NM_005445	INS_fusion	ASL	SMC3
18:21242241-21526112	GREB1L	NM_001142966	CAGTAAAGATATACACTAG	5:177086914-177098144	FGFR4	NM_001291980	INS_fusion	GREB1L	FGFR4
10:129467240-129770983	MGMT	NM_002412		10:8207622-8207800(-)	intergenic		unpartnered_fusion	MGMT	
9:17135039-17503923	CNTLN	NM_001114395		9:80746592-80746699(+)	intergenic		unpartnered_fusion	CNTLN	
6:151494016-151621193	CCDC170	NM_025059		6:169339741-169339816(+)	intergenic		unpartnered_fusion	CCDC170	
19:34541715-34545386	ZNF807P	NR_146880		19:32096584-32096623(+)	intergenic		unpartnered_fusion	ZNF807P	
18:45724180-45752520	SLC14A1	NM_001128588		18:38051667-38051722(-)	intergenic		unpartnered_fusion	SLC14A1	
1:206635535-206655175	DYRK3	NM_001004023		1:232516818-232516950(-)	intergenic		unpartnered_fusion	DYRK3	
14:72926463-72962067	DCAF4	NM_001163508		14:56456677-56456790(+)	intergenic		unpartnered_fusion	DCAF4	
1:160115758-160143584	ATP1A2	NM_000702		1:191163041-191163190(+)	intergenic		unpartnered_fusion	ATP1A2	
4:1639880-1684313	FAM53A	NM_001013622		4:20018232-20018398(-)	intergenic		unpartnered_fusion	FAM53A	
22:43400330-43409681	LINC01639	NR_146918		22:27273950-27274088(-)	intergenic		unpartnered_fusion	LINC01639	
X:154021572-154097731	MECP2	NM_001110792		X:76150257-76150325(-)	intergenic		unpartnered_fusion	MECP2	
1:230642480-230693982	COG2	NM_001145036		1:248279718-248279865(+)	intergenic		unpartnered_fusion	COG2	
11:69771022-69775341	FGF4	NM_002007		11:4229581-4229762(+)	intergenic		unpartnered_fusion	FGF4	
1:868070-876802	FAM41C	NR_027055		1:182044278-182044468(-)	intergenic		unpartnered_fusion	FAM41C	
12:48567683-48570046	LALBA	NM_002289		12:96185369-96185448(-)	intergenic		unpartnered_fusion	LALBA	
2:171687468-171750158	DYNC1I2	NM_001271785		2:116228373-116228470(+)	intergenic		unpartnered_fusion	DYNC1I2	
10:70882280-70888565	PCBD1	NM_000281		10:89076223-89076408(+)	intergenic		unpartnered_fusion	PCBD1	
13:113977782-114132623	RASA3	NM_001320821_2		13:85776557-85776613(+)	intergenic		unpartnered_fusion	RASA3	
15:42139033-42156636	PLA2G4F	NM_213600		15:81625678-81625757(+)	intergenic		unpartnered_fusion	PLA2G4F	
20:33675476-33686385	E2F1	NM_005225		20:40273340-40273523(-)	intergenic		unpartnered_fusion	E2F1	
22:30607082-30627271	TCN2	NM_000355		22:48209112-48209264(+)	intergenic		unpartnered_fusion	TCN2	
1:11054589-11060018	SRM	NM_003132		1:232768214-232768375(+)	intergenic		unpartnered_fusion	SRM	
3:66998306-67011208	KBTBD8	NM_032505		3:3226073-3226126(+)	intergenic		unpartnered_fusion	KBTBD8	
14:91271322-91417820	CCDC88C	NM_001080414		14:27090737-27090840(-)	intergenic		unpartnered_fusion	CCDC88C	
7:117363221-117427493	ASZ1	NM_001301821		7:3195179-3195237(-)	intergenic		unpartnered_fusion	ASZ1	
8:53851794-53959304	RGS20	NM_001286673		8:109831694-109831747(+)	intergenic		unpartnered_fusion	RGS20	
10:97446130-97457370	ZDHHC16	NM_001287803		10:111494180-111494279(-)	intergenic		unpartnered_fusion	ZDHHC16	
9:128068199-128109258	SLC25A25	NM_001006641		9:89733992-89734062(+)	intergenic		unpartnered_fusion	SLC25A25	
8:42338493-42371808	POLB	NM_002690		8:46963631-46963815(+)	intergenic		unpartnered_fusion	POLB	
11:108505434-108593768	EXPH5	NM_001144763		11:13630542-13630701(+)	intergenic		unpartnered_fusion	EXPH5	
11:65892048-65900526	FOSL1	NM_001300844		11:45598367-45598536(+)	intergenic		unpartnered_fusion	FOSL1	
19:14087853-14090751	SAMD1	NM_138352		19:36507579-36507766(-)	intergenic		unpartnered_fusion	SAMD1	
20:44210959-44226027	OSER1-DT	NR_038337		20:24718322-24718427(-)	intergenic		unpartnered_fusion	OSER1-DT	
6:19837369-19842195	ID4	NM_001546		6:61369842-61369954(-)	intergenic		unpartnered_fusion	ID4	
15:45361123-45402227	GATM	NM_001321015		15:56834168-56834305(+)	intergenic		unpartnered_fusion	GATM	
X:55143101-55161195	FAM104B	NM_001166699		X:116340775-116340807(+)	intergenic		unpartnered_fusion	FAM104B	
4:44678394-44700928	GUF1	NM_001345867		4:104805146-104805212(+)	intergenic		unpartnered_fusion	GUF1	
4:39822862-39977956	PDS5A	NM_001100399		4:117026719-117026918(+)	intergenic		unpartnered_fusion	PDS5A	
20:18507481-18561415	SEC23B	NM_001172745		20:29694253-29694408(+)	intergenic		unpartnered_fusion	SEC23B	
1:159289713-159308224	FCER1A	NM_002001		1:193006400-193006595(+)	intergenic		unpartnered_fusion	FCER1A	
12:97713411-97756517	LOC643711	NR_077240		12:55641497-55641595(+)	intergenic		unpartnered_fusion	LOC643711	
8:144504139-144507172	GPT	NM_005309		8:25580974-25581119(+)	intergenic		unpartnered_fusion	GPT	
18:8609444-8639382	RAB12	NM_001025300		18:15266339-15266385(-)	intergenic		unpartnered_fusion	RAB12	
5:152391540-152405279	NMUR2	NM_020167		5:168483136-168483207(-)	intergenic		unpartnered_fusion	NMUR2	
9:34830266-34838586	FAM205BP	NR_024481		9:31351906-31352083(-)	intergenic		unpartnered_fusion	FAM205BP	
2:201072000-201085750	NDUFB3	NM_001257102		2:115915502-115915653(-)	intergenic		unpartnered_fusion	NDUFB3	
11:125592851-125623070	STT3A	NM_001278503		11:129701601-129701757(-)	intergenic		unpartnered_fusion	STT3A	
2:161308424-161411717	PSMD14	NM_005805		2:52946889-52947065(-)	intergenic		unpartnered_fusion	PSMD14	
15:60419608-60479142	ICE2	NM_001018089		15:18990233-18990298(-)	intergenic		unpartnered_fusion	ICE2	
10:122461552-122514907	HTRA1	NM_002775		10:92045074-92045179(-)	intergenic		unpartnered_fusion	HTRA1	
10:122930900-122954227	C10orf88	NM_024942		10:8629788-8629879(-)	intergenic		unpartnered_fusion	C10orf88	
2:663877-677406	TMEM18	NM_001352680		2:220781056-220781158(-)	intergenic		unpartnered_fusion	TMEM18	
8:70669338-70735942	XKR9	NM_001011720		8:82750103-82750174(+)	intergenic		unpartnered_fusion	XKR9	
6:30931352-30932170	SFTA2	NM_205854		6:12480972-12481062(+)	intergenic		unpartnered_fusion	SFTA2	
8:144137773-144140851	HGH1	NM_016458		8:89349383-89349582(+)	intergenic		unpartnered_fusion	HGH1	
20:46499629-46513572	ZNF334	NM_001270497		20:17824364-17824480(-)	intergenic		unpartnered_fusion	ZNF334	
15:73994672-74047822	PML	NM_002675		15:90513173-90513336(+)	intergenic		unpartnered_fusion	PML	
17:38800433-38825350	CWC25	NM_017748_2		17:73686430-73686624(+)	intergenic		unpartnered_fusion	CWC25	
16:89195760-89200537	SLC22A31	NM_001366322		16:77071211-77071303(-)	intergenic		unpartnered_fusion	SLC22A31	
4:70242615-70251428	CSN3	NM_005212		4:57953729-57953859(-)	intergenic		unpartnered_fusion	CSN3	
9:130172403-130237303	NCS1	NM_001128826		9:25225948-25226010(-)	intergenic		unpartnered_fusion	NCS1	
19:3804023-3869038	ZFR2	NM_015174		19:1654904-1654949(+)	intergenic		unpartnered_fusion	ZFR2	
8:86098909-86154225	ATP6V0D2	NM_152565		8:111791238-111791380(-)	intergenic		unpartnered_fusion	ATP6V0D2	
7:149838374-149867479	ZNF862	NM_001099220		7:85715776-85715851(+)	intergenic		unpartnered_fusion	ZNF862	
11:125063304-125090516	SLC37A2	NM_001145290		11:127888528-127888696(-)	intergenic		unpartnered_fusion	SLC37A2	
18:15313555-15325919	LOC644669	NR_027417		18:4530732-4530877(+)	intergenic		unpartnered_fusion	LOC644669	
2:46617214-46630176	CRIPT	NM_014171		2:6567032-6567213(-)	intergenic		unpartnered_fusion	CRIPT	
19:47045908-47048624	TMEM160	NM_017854		19:55994226-55994291(+)	intergenic		unpartnered_fusion	TMEM160	
12:123581065-123584327	TMED2-DT	NR_110049		12:14066009-14066104(-)	intergenic		unpartnered_fusion	TMED2-DT	
7:120787319-120858144	TSPAN12	NM_012338		7:56869731-56869806(+)	intergenic		unpartnered_fusion	TSPAN12	
11:13668667-13732346	FAR1	NM_032228		11:2210782-2210924(-)	intergenic		unpartnered_fusion	FAR1	
8:144095075-144097525	CYC1	NM_001916		8:141576917-141576997(-)	intergenic		unpartnered_fusion	CYC1	
13:72782132-73016459	PIBF1	NM_001349655		13:57296400-57296505(+)	intergenic		unpartnered_fusion	PIBF1	
22:17638583-17730855	BCL2L13	NM_001270726		22:18391364-18391520(+)	intergenic		unpartnered_fusion	BCL2L13	
2:113437690-113496204	CBWD2	NM_001330336		2:238749080-238749205(-)	intergenic		unpartnered_fusion	CBWD2	
9:87844744-87847424	CTSLP8	NR_033405		9:12191267-12191391(-)	intergenic		unpartnered_fusion	CTSLP8	
3:10017552-10026136	CIDECP1	NR_002786		3:183118653-183118793(+)	intergenic		unpartnered_fusion	CIDECP1	
17:74356415-74361868	BTBD17	NM_001080466		17:73998662-73998832(-)	intergenic		unpartnered_fusion	BTBD17	
22:50170730-50180295	PANX2	NM_001160300		22:36830059-36830102(+)	intergenic		unpartnered_fusion	PANX2	
2:157414618-157444089	CYTIP	NM_004288		2:23250075-23250138(-)	intergenic		unpartnered_fusion	CYTIP	
5:176346060-176361807	KIAA1191	NM_001079684		5:180981055-180981195(-)	intergenic		unpartnered_fusion	KIAA1191	
1:168695467-168729206	DPT	NM_001937		1:221750729-221750785(-)	intergenic		unpartnered_fusion	DPT	
11:68312590-68449275	LRP5	NM_001291902		11:57627507-57627589(-)	intergenic		unpartnered_fusion	LRP5	
17:75827225-75844717	UNC13D	NM_199242		17:35726716-35726876(+)	intergenic		unpartnered_fusion	UNC13D	
12:56158358-56161579	MYL6	NM_021019		12:5348978-5349162(-)	intergenic		unpartnered_fusion	MYL6	
6:160466554-160511124	LPAL2	NR_028092		6:164284283-164284379(-)	intergenic		unpartnered_fusion	LPAL2	
7:32826301-32838744	DPY19L1P2	NR_132360		7:121744725-121744840(-)	intergenic		unpartnered_fusion	DPY19L1P2	
22:38578117-38656392	FAM227A	NM_001013647		22:35459877-35459973(+)	intergenic		unpartnered_fusion	FAM227A	
19:19561712-19618687	PBX4	NM_025245		19:9138124-9138243(+)	intergenic		unpartnered_fusion	PBX4	
4:147480916-147544954	EDNRA	NM_001166055		4:176479680-176479783(-)	intergenic		unpartnered_fusion	EDNRA	
19:2321520-2328586	LSM7	NM_016199		19:47392531-47392728(+)	intergenic		unpartnered_fusion	LSM7	
11:130844192-130862110	LINC02551	NR_125383		11:101312910-101312977(+)	intergenic		unpartnered_fusion	LINC02551	
19:39498946-39508469	DLL3	NM_016941		19:25529463-25529623(-)	intergenic		unpartnered_fusion	DLL3	
22:39901083-39973721	GRAP2	NM_001291824		22:20668507-20668570(-)	intergenic		unpartnered_fusion	GRAP2	
2:46479564-46484425	TMEM247	NM_001145051		2:187120323-187120367(+)	intergenic		unpartnered_fusion	TMEM247	
7:137227345-137343733	PTN	NM_001321386		7:5563564-5563683(-)	intergenic		unpartnered_fusion	PTN	
3:52245758-52250599	PPM1M	NM_001122870		3:13906342-13906434(-)	intergenic		unpartnered_fusion	PPM1M	
13:24882278-24922861	CENPJ	NM_018451		13:17737780-17737887(-)	intergenic		unpartnered_fusion	CENPJ	
17:8377515-8383193	RPL26	NM_000987		17:64930559-64930689(-)	intergenic		unpartnered_fusion	RPL26	
4:1692730-1712319	SLBP	NM_001306074		4:187905524-187905669(-)	intergenic		unpartnered_fusion	SLBP	
