loc	tx	gene_id	size	exon	vartype	gene	hg19_loc
12:7080218-7092445	NM_001354346	C1R	9	11	DEL	C1R	
12:95217745-95302799	NM_001352088	VEZT	43	9	DEL	VEZT	chr12:95611521-95696575
12:123415038-123436733	NM_145058	RILPL2	21	3	DEL	RILPL2	chr12:123899585-123921280
14:75522468-75547004	NM_006399	BATF	12	3	DEL	BATF	chr14:75988811-76013347
17:7306998-7312463	NM_001143760	EIF5A	33	2	DEL	EIF5A	chr17:7210317-7215782
11:110429947-110464884	NM_004109	FDX1	22	2	DEL	FDX1	chr11:110300671-110335608
10:103967139-104029233	NM_001304743	SLK	44	4	DEL	SLK	chr10:105726897-105788991
3:122577649-122639047	NM_001113523	PARP15	48	11	DEL	PARP15	chr3:122296496-122357894
20:24949268-24959928	NM_003650	CST7	47	3	DEL	CST7	chr20:24929904-24940564
15:64815634-64825647	NM_001286496	PIF1	39	2	DEL	PIF1	chr15:65107833-65117846
6:43844875-43852333	NR_149142	LINC02537	44	1	DEL	LINC02537	chr6:43812612-43820070
8:60678739-60868027	NM_001316690	CHD7	40	3	DEL	CHD7	chr8:61591298-61780586
19:55364381-55370463	NM_000641	IL11	43	2	DEL	IL11	chr19:55875749-55881831
11:67606935-67612554	NM_001166102	NDUFV1	19	4	DEL	NDUFV1	chr11:67374406-67380025
4:128809699-128875224	NM_001287437	JADE1	13	4	DEL	JADE1	chr4:129730854-129796379
15:43533461-43590253	NM_001130858	PPIP5K1	40	27	DEL	PPIP5K1	chr15:43825659-43882451
19:19900945-19935575	NM_031218	ZNF93	27	2	DEL	ZNF93	chr19:20011754-20046384
9:14993326-15019724	NR_003920	LOC389705	16	3	DEL	LOC389705	chr9:14993324-15019722
8:98189825-98294235	NM_001321635	NIPAL2	8	8	DEL	NIPAL2	chr8:99202053-99306463
19:41956683-41959321	NM_006423	RABAC1	49	5	DEL	RABAC1	chr19:42460835-42463473
6:158841125-158857632	NR_028496	OSTCP1	12	1	DEL	OSTCP1	chr6:159262157-159278664
12:52393950-52406392	NM_033033	KRT82	7	2	DEL	KRT82	chr12:52787734-52800176
12:124776855-124863864	NM_001082959	SCARB1	37	6	DEL	SCARB1	chr12:125261401-125348410
2:231781670-231809253	NM_001282949	COPS7B	25	6	DEL	COPS7B	chr2:232646380-232673963
18:51030212-51085041	NM_005359	SMAD4	8	10	DEL	SMAD4	chr18:48556582-48611411
10:80247757-80255408	NR_136612	LOC100130698	12	1	DEL	LOC100130698	chr10:82007513-82015164
14:24336024-24339991	NM_006871	RIPK3	34	8	DEL	RIPK3	chr14:24805230-24809197
7:39623571-39708118	NM_005402	RALA	10	2	DEL	RALA	chr7:39663170-39747717
17:30898985-30906238	NM_024683	TEFM	44	4	DEL	TEFM	chr17:29226003-29233256
4:173331375-173334358	NM_001130688	HMGB2	23	1	DEL	HMGB2	chr4:174252526-174255509
6:10762722-10838555	NM_001242385	MAK	40	4	DEL	MAK	chr6:10762955-10838788
14:102317376-102343174	NM_001267827	ZNF839	16	4	DEL	ZNF839	chr14:102783713-102809511
20:31819374-31834697	NM_033118	MYLK2	22	7	DEL	MYLK2	chr20:30407177-30422500
8:22024133-22036897	NM_001286680	NPM2	7	8	DEL	NPM2	chr8:21881644-21894408
10:2300318-2315074	NR_038884	LINC00701	37	3	DEL	LINC00701	chr10:2342512-2357268
1:204422629-204490346	NM_002646	PIK3C2B	13	12	DEL	PIK3C2B	chr1:204391757-204459474
1:203494152-203508949	NM_014359	OPTC	34	2	DEL	OPTC	chr1:203463280-203478077
6:107065180-107115515	NM_001080450	BEND3	16	3	DEL	BEND3	chr6:107386384-107436719
14:94174311-94279735	NM_001348142	PPP4R4	47	17	DEL	PPP4R4	chr14:94640648-94746072
20:3071619-3072517	NM_000915	OXT	27	3	DEL	OXT	chr20:3052265-3053163
9:37915897-38069227	NM_003028	SHB	24	5	DEL	SHB	chr9:37915894-38069224
9:117648605-117657026	NR_109806	LOC101928797	12	5	DEL	LOC101928797	chr9:120410883-120419304
3:52777598-52792068	NM_001166434	ITIH1	23	17	DEL	ITIH1	chr3:52811614-52826084
3:94063060-94131831	NM_022072	NSUN3	22	2	DEL	NSUN3	chr3:93781904-93850675
10:43385616-43409248	NM_001098204	HNRNPF	34	2	DEL	HNRNPF	chr10:43881064-43904696
11:47716493-47767341	NM_001318339	FNBP4	18	5	DEL	FNBP4	chr11:47738045-47788893
19:52905892-52917931	NM_001310127	ZNF888	23	3	DEL	ZNF888	chr19:53409145-53421184
22:35540493-35553998	NM_001366725	RASD2	20	3	DEL	RASD2	chr22:35936540-35950045
17:81939644-81947233	NM_001145113	MYADML2	14	1	DEL	MYADML2	chr17:79897520-79905109
4:4188725-4226894	NM_177998	OTOP1	31	4	DEL	OTOP1	chr4:4190452-4228621
7:80458634-80512064	NM_001102386	GNAT3	12	6	DEL	GNAT3	chr7:80087950-80141380
8:96226675-96235634	NM_001199975	UQCRB	19	4	DEL	UQCRB	chr8:97238903-97247862
9:117704402-117724735	NM_003266	TLR4	8	4	DEL	TLR4	chr9:120466680-120487013
2:130191744-130198439	NM_207312	TUBA3E	38	1	DEL	TUBA3E	chr2:130949317-130956012
10:73423578-73433561	NM_001024593	MSS51	9	6	DEL	MSS51	chr10:75183336-75193319
3:47282943-47346816	NM_025010	KLHL18	9	3	DEL	KLHL18	chr3:47324433-47388306
12:73159189-73208317	NR_110130	LINC02444	48	3	DEL	LINC02444	chr12:73552969-73602097
18:76209509-76215824	NR_146507	LINC01893	16	2	DEL	LINC01893	chr18:73921464-73927779
17:75318075-75405709	NM_002086	GRB2	41	6	DEL	GRB2	chr17:73314156-73401790
6:28648285-28654475	NR_135285	LINC00533	16	3	DEL	LINC00533	chr6:28616062-28622252
19:1248552-1259143	NM_177401	MIDN	31	2	DEL	MIDN	chr19:1248551-1259142
19:2236823-2248655	NM_007165	SF3A2	27	8	DEL	SF3A2	chr19:2236822-2248654
2:172099437-172102900	NM_004405	DLX2	15	2	DEL	DLX2	chr2:172964165-172967628
14:75985752-76084073	NM_001102564	IFT43	45	6	DEL	IFT43	chr14:76452095-76550416
10:122910609-122913111	NM_001029888	FAM24A	44	1	DEL	FAM24A	chr10:124670125-124672627
20:23439684-23444930	NM_138283	CSTL1	25	1	DEL	CSTL1	chr20:23420321-23425567
16:78022547-78032101	NM_005752	CLEC3A	43	3	DEL	CLEC3A	chr16:78056444-78065998
1:235328437-235344529	NM_001037277	GGPS1	45	3	DEL	GGPS1	chr1:235491752-235507844
3:9249755-9257507	NR_146969	SRGAP3-AS4	12	1	DEL	SRGAP3-AS4	chr3:9291439-9299191
7:12496428-12541135	NR_136261	LOC102725191	48	2	DEL	LOC102725191	chr7:12536054-12580761
1:11012621-11025492	NM_007375	TARDBP	26	5	DEL	TARDBP	chr1:11072678-11085549
10:97572440-97583886	NM_001129981	ANKRD2	45	1	DEL	ANKRD2	chr10:99332197-99343643
17:16546953-16569212	NM_001346167	ZNF287	22	3	DEL	ZNF287	chr17:16450267-16472526
19:57120140-57131925	NM_020903	USP29	22	1	DEL	USP29	chr19:57631508-57643293
7:84532475-84584318	NR_110079	LOC101927378	39	3	DEL	LOC101927378	chr7:84161791-84213634
11:616564-624955	NM_001171968	CDHR5	13	9	DEL	CDHR5	chr11:616564-624955
12:55966829-55972789	NM_001290230	CDK2	40	1	DEL	CDK2	chr12:56360613-56366573
X:71059246-71073426	NM_001256185	SNX12	41	5	DEL	SNX12	chrX:70279096-70293276
5:1392795-1445440	NM_001044_2	SLC6A3	40	15	DEL	SLC6A3	chr5:1392910-1445555
22:36510854-36529166	NM_003753	EIF3D	43	11	DEL	EIF3D	chr22:36906901-36925213
5:176905004-177006794	NM_001199297	UIMC1	20	7	DEL	UIMC1	chr5:176332005-176433795
19:51450996-51458454	NM_001363548	SIGLEC8	23	5	DEL	SIGLEC8	chr19:51954250-51961708
14:39114283-39136973	NM_001009182	GEMIN2	40	3	DEL	GEMIN2	chr14:39583487-39606177
3:49887002-49903873	NM_001244937	MST1R	28	4	DEL	MST1R	chr3:49924435-49941306
17:1650628-1684867	NM_006445	PRPF8	34	12	DEL	PRPF8	chr17:1553922-1588161
2:151409901-151482171	NM_001177663	RIF1	20	18	DEL	RIF1	chr2:152266415-152338685
19:544052-549922	NM_001258351	GZMM	17	5	DEL	GZMM	chr19:544052-549922
13:23469511-23487464	NR_038995	LINC00327	42	1	DEL	LINC00327	chr13:24043650-24061603
17:41459512-41467386	NM_002278	KRT32	32	4	DEL	KRT32	chr17:39615764-39623638
8:21908872-21913690	NM_001317800	DOK2	26	1	DEL	DOK2	chr8:21766383-21771201
3:100363430-100401089	NM_014820	TOMM70	10	12	DEL	TOMM70	chr3:100082274-100119933
6:168927740-168964382	NR_136249	LOC105378146	23	2	DEL	LOC105378146	chr6:169327835-169364477
9:23690104-23850601	NM_001171195	ELAVL2	48	2	DEL	ELAVL2	chr9:23690102-23850599
X:152637894-152657542	NM_018558	GABRQ	20	2	DEL	GABRQ	chrX:151806348-151826007
2:197453422-197475309	NM_001320818	COQ10B	31	2	DEL	COQ10B	chr2:198318146-198340033
3:50191609-50197696	NM_000172	GNAT1	40	5	DEL	GNAT1	chr3:50229042-50235129
3:49857988-49869906	NM_001320147	CAMKV	45	1	DEL	CAMKV	chr3:49895421-49907339
1:12824604-12831410	NM_001146344	PRAMEF11	18	3	DEL	PRAMEF11	chr1:12884462-12891264
19:10350532-10380572	NM_003331	TYK2	47	24	DEL	TYK2	chr19:10461208-10491248
X:136497078-136512344	NM_001163280	HTATSF1	7	7	DEL	HTATSF1	chrX:135579237-135594503
22:36226208-36239954	NM_030882	APOL2	16	1	INS	APOL2	chr22:36622254-36636000
10:11920021-12043170	NM_015542	UPF2	23	19	INS	UPF2	chr10:11962020-12085169
9:83623048-83644130	NM_001001551	IDNK	12	5	INS	IDNK	chr9:86237963-86259045
6:135283532-135497765	NM_001134830	AHI1	42	6	INS	AHI1	chr6:135604670-135818903
12:27780232-27803040	NM_020782	KLHL42	36	1	INS	KLHL42	chr12:27933165-27955973
2:169827507-170084129	NM_172070	UBR3	25	35	INS	UBR3	chr2:170684017-170940639
11:65213839-65242757	NR_033396	SLC22A20P	11	3	INS	SLC22A20P	chr11:64981310-65010228
6:149998018-150005144	NR_024045	RAET1K	10	3	INS	RAET1K	chr6:150319154-150326280
9:135343248-135346558	NM_173520	C9orf62	31	3	INS	C9orf62	chr9:138235094-138238404
10:102394109-102402529	NM_001077494	NFKB2	27	10	INS	NFKB2	chr10:104153866-104162286
12:54644588-54648365	NM_001300854	DCD	11	4	INS	DCD	chr12:55038372-55042149
1:183555561-183590914	NM_000433	NCF2	45	3	INS	NCF2	chr1:183524696-183560049
20:22560553-22578642	NR_001558	LINC00261	20	2	INS	LINC00261	chr20:22541191-22559280
3:195646634-195652159	NR_136185	LOC105374297	37	2	INS	LOC105374297	chr3:195373505-195379030
6:90513579-90587072	NM_003188	MAP3K7	29	13	INS	MAP3K7	chr6:91223298-91296791
12:65169582-65248355	NM_001167614	LEMD3	24	1	INS	LEMD3	chr12:65563362-65642135
6:26365158-26378320	NM_001197246	BTN3A2	23	6	INS	BTN3A2	chr6:26365386-26378548
7:100673739-100679169	NM_005273	GNB2	21	10	INS	GNB2	chr7:100271362-100276792
1:154582057-154627997	NM_001025107	ADAR	31	8	INS	ADAR	chr1:154554533-154600473
11:74988643-75010907	NM_001367860	NEU3	13	1	INS	NEU3	chr11:74699688-74721952
1:16057768-16073651	NM_182623	FAM131C	20	2	INS	FAM131C	chr1:16384263-16400146
7:44962661-44979015	NM_033054	MYO1G	19	17	INS	MYO1G	chr7:45002260-45018614
14:50975262-51095704	NM_015163	TRIM9	26	8	INS	TRIM9	chr14:51441980-51562422
14:53153353-53157528	NR_110062	LOC101927620	11	1	INS	LOC101927620	chr14:53620071-53624246
20:4780022-4823608	NM_014737	RASSF2	19	1	INS	RASSF2	chr20:4760668-4804254
13:52377167-52406172	NM_018676	THSD1	31	3	INS	THSD1	chr13:52951302-52980307
3:50341112-50345732	NM_001308379	ZMYND10	42	8	INS	ZMYND10	chr3:50378543-50383163
10:38383022-38402927	NR_027269	SEPTIN7P9	44	4	INS	SEPTIN7P9	chr10:38671950-38691855
4:105682627-105708724	NM_001142471	INTS12	39	1	INS	INTS12	chr4:106603784-106629881
22:47461298-47487111	NR_109967	LINC01644	42	2	INS	LINC01644	chr22:47857047-47882860
16:366968-370538	NM_006428	MRPL28	17	3	INS	MRPL28	chr16:416968-420538
17:43780434-43787614	NM_001136483	CFAP97D1	22	3	INS	CFAP97D1	chr17:41857802-41864982
6:29223972-29290440	NR_134629	LOC101929006	28	2	INS	LOC101929006	chr6:29191749-29258217
7:135681230-135728186	NM_001318192	SLC13A4	24	11	INS	SLC13A4	chr7:135365978-135412934
6:3182817-3195767	NR_038295	LINC02525	21	1	INS	LINC02525	chr6:3183051-3196001
19:41425358-41428730	NM_198540	B3GNT8	9	3	INS	B3GNT8	chr19:41931263-41934635
2:195656957-195737699	NM_001127257	SLC39A10	44	3	INS	SLC39A10	chr2:196521681-196602423
1:212992181-213015875	NM_001300753	ANGEL2	11	3	INS	ANGEL2	chr1:213165523-213189217
X:111511644-111522399	NM_001354473	SERTM2	49	3	INS	SERTM2	chrX:110754872-110765627
8:143612617-143617549	NM_001317783_2	TSTA3	42	4	INS	TSTA3	chr8:144694787-144699719
7:497259-519844	NM_002607	PDGFA	35	1	INS	PDGFA	chr7:536896-559481
11:72285495-72434684	NM_001258392	CLPB	18	12	INS	CLPB	chr11:71996539-72145728
8:38263131-38269232	NM_001102559	PLPP5	28	1	INS	PLPP5	chr8:38120649-38126750
9:35041094-35045991	NM_001040412	C9orf131	20	1	INS	C9orf131	chr9:35041091-35045988
8:134849934-134881899	NR_125427	LOC101927845	42	2	INS	LOC101927845	chr8:135862177-135894142
6:32552712-32560002	NR_001298	HLA-DRB6	47	3	INS	HLA-DRB6	chr6:32520489-32527779
2:27032964-27041694	NM_001083590	TMEM214	9	10	INS	TMEM214	chr2:27255832-27264562
1:204190340-204196491	NM_002256	KISS1	14	1	INS	KISS1	chr1:204159468-204165619
6:27247700-27256620	NM_005865	PRSS16	8	3	INS	PRSS16	chr6:27215479-27224399
2:233307815-233347055	NM_000541	SAG	42	14	INS	SAG	chr2:234216461-234255701
5:659861-693352	NM_007030	TPPP	40	2	INS	TPPP	chr5:659976-693467
19:19264365-19273301	NM_001001524	TM6SF2	47	9	INS	TM6SF2	chr19:19375174-19384110
4:4290250-4321783	NM_001330625	ZBTB49	26	4	INS	ZBTB49	chr4:4291977-4323510
11:47579073-47584562	NM_004551	NDUFS3	32	2	INS	NDUFS3	chr11:47600625-47606114
X:153056469-153060462	NM_001282535	PNMA3	40	3	INS	PNMA3	chrX:152224826-152228822
2:60756267-60802086	NM_022894	PAPOLG	36	16	INS	PAPOLG	chr2:60983402-61029221
11:89797654-89808575	NM_020358	TRIM49	9	3	INS	TRIM49	chr11:89530822-89541743
22:38818451-38844028	NM_014293	NPTXR	33	2	INS	NPTXR	chr22:39214456-39240033
X:8528873-8732137	NM_000216	ANOS1	41	5	INS	ANOS1	chrX:8496914-8700178
14:96363451-96387290	NM_001271904	GSKIP	20	1	INS	GSKIP	chr14:96829788-96853627
16:84819984-84909508	NM_031476	CRISPLD2	34	3	INS	CRISPLD2	chr16:84853590-84943114
15:89088455-89202355	NM_007011	ABHD2	29	1	INS	ABHD2	chr15:89631686-89745586
10:70597347-70602788	NM_001083116	PRF1	18	3	INS	PRF1	chr10:72357103-72362544
11:45647688-45665622	NM_003654	CHST1	32	1	INS	CHST1	chr11:45669238-45687172
X:52862528-52868083	NM_130776	XAGE3	41	5	INS	XAGE3	chrX:52891557-52897114
6:166999316-167052718	NM_001278690	FGFR1OP	18	1	INS	FGFR1OP	chr6:167412804-167466206
22:35119823-35231056	NR_126356	LINC01399	26	1	INS	LINC01399	chr22:35515816-35627049
19:34677638-34686397	NM_001012320	ZNF302	16	1	INS	ZNF302	chr19:35168543-35177302
1:197084126-197146694	NM_001206846	ASPM	21	12	INS	ASPM	chr1:197053256-197115824
10:52314280-52317657	NM_012242	DKK1	39	3	INS	DKK1	chr10:54074040-54077417
6:89177503-89231288	NM_001256703	GABRR1	37	8	INS	GABRR1	chr6:89887222-89941007
8:74984504-75034558	NM_001286777	CRISPLD1	46	8	INS	CRISPLD1	chr8:75896739-75946793
4:51993651-52020363	NM_001024611	LRRC66	19	1	INS	LRRC66	chr4:52859817-52886529
20:35953616-35955359	NM_016558	SCAND1	11	2	INS	SCAND1	chr20:34541538-34543281
8:63015079-63038806	NM_003878	GGH	48	4	INS	GGH	chr8:63927638-63951365
9:109130292-109167291	NM_014334	FRRS1L	21	3	INS	FRRS1L	chr9:111892572-111929571
19:53107878-53132920	NM_001136038	ZNF415	23	4	INS	ZNF415	chr19:53611131-53636173
10:28519916-28532354	NR_033805	WAC-AS1	44	1	INS	WAC-AS1	chr10:28808845-28821283
4:69280474-69295050	NM_001207004	UGT2B28	13	3	INS	UGT2B28	chr4:70146192-70160768
11:44095548-44251981	NM_000401	EXT2	29	2	INS	EXT2	chr11:44117098-44273531
4:148940945-148942378	NR_134681	LOC105377480	12	1	INS	LOC105377480	chr4:149862097-149863530
X:23701055-23743276	NM_001033583	ACOT9	35	11	INS	ACOT9	chrX:23719172-23761393
1:15941868-15976132	NM_001242884	ZBTB17	23	3	INS	ZBTB17	chr1:16268363-16302627
19:57435324-57447101	NM_001023561	ZNF749	30	2	INS	ZNF749	chr19:57946692-57958469
X:77899467-77907376	NM_001866	COX7B	17	1	INS	COX7B	chrX:77154964-77162873
11:6680384-6683340	NM_022061	MRPL17	19	2	INS	MRPL17	chr11:6701615-6704571
19:55181246-55209501	NM_001161440	PTPRH	37	8	INS	PTPRH	chr19:55692614-55720869
4:94298534-94342836	NM_014485	HPGDS	37	5	INS	HPGDS	chr4:95219685-95263987
3:62369680-62373550	NM_018008	FEZF2	17	3	INS	FEZF2	chr3:62355355-62359225
11:71405745-71423354	NR_038862	FLJ42102	26	2	INS	FLJ42102	chr11:71116791-71134400
X:154437153-154443467	NM_001493	GDI1	28	9	INS	GDI1	chrX:153665499-153671814
1:153728049-153774808	NM_001324475_2	INTS3	28	11	INS	INTS3	chr1:153700525-153747284
3:10141634-10153670	NM_000551	VHL	34	3	INS	VHL	chr3:10183318-10195354
1:160485035-160523255	NM_001184714	SLAMF6	19	1	INS	SLAMF6	chr1:160454825-160493045
10:132965533-132976497	NR_046231	LINC01168	23	2	INS	LINC01168	chr10:134779037-134790001
14:64549960-64589381	NM_172365	PPP1R36	20	12	INS	PPP1R36	chr14:65016678-65056099
X:53431257-53434376	NM_001037811	HSD17B10	12	2	INS	HSD17B10	chrX:53458205-53461323
7:87325347-87345492	NR_015381	TP53TG1	47	2	INS	TP53TG1	chr7:86954663-86974808
17:81650458-81663127	NM_001365724	PDE6G	25	4	INS	PDE6G	chr17:79617488-79630157
9:136196249-136205128	NM_001363746	LHX3	25	5	INS	LHX3	chr9:139088095-139096974
22:30522787-30546682	NM_001193336	SEC14L6	41	5	ITD	SEC14L6	chr22:30918774-30942669
19:39412668-39428415	NM_001351693	PLEKHG2	12	17	ITD	PLEKHG2	chr19:39903308-39919055
2:72942035-73071836	NM_001330400	SFXN5	23	8	ITD	SFXN5	chr2:73169164-73298965
10:88880244-88923487	NM_020799	STAMBPL1	36	9	ITD	STAMBPL1	chr10:90640001-90683244
9:104747682-104760120	NM_001329570	NIPSNAP3A	26	2	ITD	NIPSNAP3A	chr9:107509963-107522401
5:173707598-173746209	NR_108027	LINC01484	13	2	ITD	LINC01484	chr5:173134601-173173212
19:18306235-18323076	NM_001252129	LSM4	39	3	ITD	LSM4	chr19:18417045-18433886
19:4542592-4559684	NM_032108	SEMA6B	23	9	ITD	SEMA6B	chr19:4542604-4559696
5:160421854-160428744	NM_001282382	PTTG1	48	3	ITD	PTTG1	chr5:159848861-159855751
20:33031647-33044047	NM_174897	BPIFB6	36	13	ITD	BPIFB6	chr20:31619453-31631853
7:159028174-159144957	NM_001304522	VIPR2	13	8	ITD	VIPR2	chr7:158820865-158937649
3:198153205-198222513	NR_146164	FAM157A	31	3	ITD	FAM157A	chr3:197880076-197949384
19:55428737-55442863	NM_001145176	SHISA7	41	4	ITD	SHISA7	chr19:55940104-55954230
11:114518935-114559881	NM_001367953	NXPE1	39	7	ITD	NXPE1	chr11:114389657-114430603
9:36136535-36163913	NM_001287010	GLIPR2	25	1	ITD	GLIPR2	chr9:36136532-36163910
4:75576495-75630528	NM_001330724	CDKL2	33	8	ITD	CDKL2	chr4:76501705-76555712
14:55781134-55796674	NR_026796	LINC00520	13	2	ITD	LINC00520	chr14:56247852-56263392
19:15759333-15779988	NR_033864	CYP4F24P	7	3	ITD	CYP4F24P	chr19:15870143-15890798
20:34874962-34927966	NM_001076552	ACSS2	32	11	ITD	ACSS2	chr20:33462765-33515769
1:161039250-161045977	NM_001276373	USF1	40	2	ITD	USF1	chr1:161009040-161015767
5:5132084-5140054	NR_109915	CTD-2297D10.2	36	2	ITD	CTD-2297D10.2	chr5:5132197-5140167
9:86220264-86259657	NM_001276366	C9orf153	37	2	ITD	C9orf153	chr9:88835179-88874572
8:73064542-73093172	NM_153225	SBSPON	40	2	ITD	SBSPON	chr8:73976777-74005407
1:234527890-234531779	NR_038426	LINC01354	39	3	ITD	LINC01354	chr1:234663636-234667525
5:602168-612210	NR_103444	LOC100996325	28	1	ITD	LOC100996325	chr5:602283-612325
10:77975148-78029515	NM_007055	POLR3A	10	31	ITD	POLR3A	chr10:79734906-79789273
3:25790071-25794534	NM_001145391	OXSM	36	2	ITD	OXSM	chr3:25831562-25836025
12:92702842-92708549	NM_001037671	C12orf74	23	2	ITD	C12orf74	chr12:93096618-93102325
11:125788126-125791600	NM_001129883	PATE3	31	3	ITD	PATE3	chr11:125658021-125661495
15:89504929-89524034	NR_027074	LINC00928	47	1	ITD	LINC00928	chr15:90048160-90067265
6:143843272-143863812	NM_001329953	LTV1	35	11	ITD	LTV1	chr6:144164409-144184949
12:48935722-48957487	NM_001659	ARF3	26	4	ITD	ARF3	chr12:49329505-49351270
6:47477788-47627260	NM_012120	CD2AP	41	9	ITD	CD2AP	chr6:47445524-47594996
3:13480305-13506416	NM_001136041	HDAC11	23	4	ITD	HDAC11	chr3:13521805-13547916
13:112197332-112201001	NR_108094	LINC01070	9	2	ITD	LINC01070	chr13:112851646-112855315
3:40457338-40468587	NM_001034996	RPL14	24	4	ITD	RPL14	chr3:40498829-40510078
19:39776593-39786135	NM_001143832	LEUTX	20	1	ITD	LEUTX	chr19:40267233-40276775
19:10602454-10644557	NM_001145056	SLC44A2	27	6	ITD	SLC44A2	chr19:10713130-10755233
8:406807-477967	NM_012173	FBXO25	10	7	ITD	FBXO25	chr8:356807-427967
6:106695484-106699994	NR_149100	LINC02526	48	1	ITD	LINC02526	chr6:107143359-107147869
19:361746-376026	NM_016585	THEG	44	3	ITD	THEG	chr19:361746-376026
6:32439886-32445046	NM_019111	HLA-DRA	38	3	ITD	HLA-DRA	chr6:32407663-32412823
9:33383190-33402682	NM_001170	AQP7	36	8	ITD	AQP7	chr9:33383188-33402680
15:82262817-82284926	NM_001008226	SAXO2	28	2	ITD	SAXO2	chr15:82555158-82577267
12:80099536-80380880	NM_001368062	OTOGL	49	35	ITD	OTOGL	chr12:80493316-80774660
10:26643107-26653454	NR_026794	FAM238B	23	5	ITD	FAM238B	chr10:26932036-26942383
2:172085506-172089673	NM_178120	DLX1	33	3	ITD	DLX1	chr2:172950234-172954401
15:34358632-34367196	NM_153613	LPCAT4	18	2	ITD	LPCAT4	chr15:34650833-34659397
7:23597381-23644708	NM_138771	CCDC126	8	3	ITD	CCDC126	chr7:23637000-23684327
1:196977536-197009673	NM_030787	CFHR5	9	3	ITD	CFHR5	chr1:196946666-196978803
13:99501471-99564048	NM_004800	TM9SF2	20	2	ITD	TM9SF2	chr13:100153725-100216302
11:6595071-6603616	NM_015324	RRP8	25	7	ITD	RRP8	chr11:6616301-6624846
15:69080849-69095823	NR_026949	EWSAT1	18	1	ITD	EWSAT1	chr15:69373189-69388163
22:35717871-35729482	NM_030642_2	APOL5	41	2	ITD	APOL5	chr22:36113918-36125529
15:72654696-72667397	NM_018652	GOLGA6B	14	12	ITD	GOLGA6B	chr15:72947037-72959738
7:100015551-100045374	NM_001287054	ZKSCAN1	25	6	ITD	ZKSCAN1	chr7:99613174-99642997
1:183248236-183418380	NM_015039	NMNAT2	33	1	ITD	NMNAT2	chr1:183217371-183387515
22:38057254-38075701	NM_001039583	PICK1	19	13	ITD	PICK1	chr22:38453261-38471708
X:67544020-67730619	NM_000044	AR	15	8	ITD	AR	chrX:66763862-66950461
9:93121495-93134251	NM_004148	NINJ1	13	3	ITD	NINJ1	chr9:95883777-95896533
2:68467584-68580162	NM_173545	APLF	31	2	ITD	APLF	chr2:68694716-68807294
19:54593575-54602381	NM_001278318_2	LILRA1	30	5	ITD	LILRA1	chr19:55105040-55113846
18:24460636-24479974	NM_021624	HRH4	33	1	ITD	HRH4	chr18:22040600-22059938
17:28728787-28743455	NM_178170	NEK8	43	8	ITD	NEK8	chr17:27055805-27070473
11:28108387-28333507	NM_001113528	METTL15	18	3	ITD	METTL15	chr11:28129934-28355054
4:154740840-154753120	NM_001301645	LRAT	42	3	ITD	LRAT	chr4:155661992-155674272
3:9933833-9945406	NM_001031717	CRELD1	49	12	ITD	CRELD1	chr3:9975517-9987090
11:10751245-10779746	NM_001346279	CTR9	47	18	ITD	CTR9	chr11:10772792-10801293
6:89095958-89118071	NM_080743	SRSF12	41	3	ITD	SRSF12	chr6:89805677-89827790
20:23125068-23132636	NR_034149	LINC00656	34	1	ITD	LINC00656	chr20:23105705-23113273
1:3059616-3067725	NR_015440	PRDM16-DT	9	1	ITD	PRDM16-DT	chr1:2976180-2984289
4:41220073-41256727	NR_102709	UCHL1-AS1	33	2	ITD	UCHL1-AS1	chr4:41222090-41258744
4:46243547-46390128	NM_000807	GABRA2	28	7	ITD	GABRA2	chr4:46245564-46392145
5:172755502-172762562	NR_161233	LOC101928093	38	1	ITD	LOC101928093	chr5:172182505-172189565
14:59472605-59484408	NM_001331158	L3HYPDH	22	4	ITD	L3HYPDH	chr14:59939323-59951126
4:145619384-145660033	NM_172250	MMAA	47	5	ITD	MMAA	chr4:146540536-146581185
8:79611116-79666158	NM_001199214	STMN2	42	1	ITD	STMN2	chr8:80523351-80578393
3:120596335-120602507	NM_004547	NDUFB4	11	1	ITD	NDUFB4	chr3:120315182-120321354
14:50418474-50532569	NM_006575	MAP4K5	7	30	ITD	MAP4K5	chr14:50885192-50999287
20:34844719-34872858	NM_001351702	GGT7	9	13	ITD	GGT7	chr20:33432522-33460661
9:34613544-34620523	NM_001281425	DCTN3	45	2	ITD	DCTN3	chr9:34613541-34620520
17:76799043-76807102	NR_110837	LINC02080	41	1	ITD	LINC02080	chr17:74795125-74803184
11:832951-838835	NM_001039490	CD151	7	1	ITD	CD151	chr11:832951-838835
8:22048930-22082527	NM_001114135	DMTN	11	7	ITD	DMTN	chr8:21906441-21940038
X:78747708-78757111	NM_001278000	LPAR4	18	3	ITD	LPAR4	chrX:78003205-78012608
11:57460527-57477534	NM_178570	RTN4RL2	10	3	ITD	RTN4RL2	chr11:57228000-57245007
11:102770501-102780628	NM_002425	MMP10	31	2	ITD	MMP10	chr11:102641232-102651359
14:94640724-94646994	NR_015340	SERPINA13P	46	1	ITD	SERPINA13P	chr14:95107061-95113331
19:53632055-53637009	NM_001012728	DPRX	9	1	ITD	DPRX	chr19:54135309-54140263
1:192636146-192660310	NM_002927	RGS13	20	6	ITD	RGS13	chr1:192605276-192629440
14:22598237-22612359	NM_022060	ABHD4	25	2	ITD	ABHD4	chr14:23067146-23081265
3:12897042-13073429	NM_001134382	IQSEC1	36	9	ITD	IQSEC1	chr3:12938541-13114929
9:13406379-13431329	NR_033863	LINC01235	7	2	ITD	LINC01235	chr9:13406378-13431328
17:66835116-66894751	NM_145811	CACNG5	28	6	ITD	CACNG5	chr17:64831234-64890868
21:44450985-44455284	NR_047476	LRRC3-DT	35	2	ITD	LRRC3-DT	chr21:45870868-45875167
3:40477112-40491053	NM_001145082	ZNF619	13	4	ITD	ZNF619	chr3:40518603-40532544
2:27582968-27623217	NM_001271286	ZNF512	44	7	ITD	ZNF512	chr2:27805835-27846084
15:76994679-77037475	NM_001321135	PSTPIP1	49	13	ITD	PSTPIP1	chr15:77287020-77329816
10:38010649-38067834	NM_001278170	ZNF33A	48	1	ITD	ZNF33A	chr10:38299577-38356762
22:50486858-50490648	NM_017584	MIOX	34	3	ITD	MIOX	chr22:50925287-50929077
7:98214623-98252232	NM_015395	TECPR1	2	6	PTD	TECPR1	chr7:97843935-97881544
17:20436823-20447244	NR_144552	NOS2P3	1	3	PTD	NOS2P3	chr17:20340136-20350557
17:4433939-4488204	NM_001320449	SPNS3	2	2	PTD	SPNS3	chr17:4337234-4391499
11:1012822-1036718	NM_005961_4	MUC6	2	30	PTD	MUC6	chr11:1012822-1036718
13:19957405-20091847	NM_001190964	ZMYM2	2	8	PTD	ZMYM2	chr13:20531545-20665986
1:8318084-8344167	NM_001080397	SLC45A1	2	7	PTD	SLC45A1	chr1:8378144-8404227
4:6269849-6303265	NM_001145853	WFS1	2	4	PTD	WFS1	chr4:6271576-6304992
11:57597553-57614853	NM_000062	SERPING1	2	3	PTD	SERPING1	chr11:57365026-57382326
7:99558421-99576456	NM_001009958	ZNF655	2	1	PTD	ZNF655	chr7:99156044-99174079
12:123233435-123257960	NM_001143905	C12orf65	2	1	PTD	C12orf65	chr12:123717982-123742507
15:89400170-89419899	NR_160724	LOC105371031	1	1	PTD	LOC105371031	chr15:89943401-89963130
7:20217576-20221699	NR_134567	LOC100506098	1	4	PTD	LOC100506098	chr7:20257199-20261322
12:6556870-6568291	NM_001033714	NOP2	2	5	PTD	NOP2	chr12:6666036-6677457
4:37826685-37862937	NM_018290	PGM2	2	2	PTD	PGM2	chr4:37828307-37864558
9:111602830-111613553	NR_034087	LRRC37A5P	1	1	PTD	LRRC37A5P	chr9:114365110-114375833
6:17759182-17987635	NM_001105566	KIF13A	1	7	PTD	KIF13A	chr6:17759413-17987866
14:104134782-104138629	NR_158217	LOC105370708	1	2	PTD	LOC105370708	chr14:104601119-104604966
10:46005087-46030714	NM_001145260	NCOA4	2	9	PTD	NCOA4	chr10:51565107-51590734
3:48241103-48270989	NM_016089	ZNF589	2	2	PTD	ZNF589	chr3:48282593-48312479
8:102656247-102686723	NR_160672	LOC101927245	1	2	PTD	LOC101927245	chr8:103668475-103698951
2:169479493-169506655	NM_152384	BBS5	2	10	PTD	BBS5	chr2:170336003-170363165
6:35118063-35141410	NM_001261817	TCP11	1	8	PTD	TCP11	chr6:35085840-35109187
9:124777132-124814891	NM_001282715	OLFML2A	1	1	PTD	OLFML2A	chr9:127539411-127577170
X:75156368-75304897	NM_001307944	UPRT	2	3	PTD	UPRT	chrX:74376203-74524732
6:85387218-85404802	NR_134633	LINC02535	1	2	PTD	LINC02535	chr6:86096936-86114520
17:1494576-1516612	NM_001135642	INPP5K	1	9	PTD	INPP5K	chr17:1397870-1419906
14:94304247-94323336	NM_001756	SERPINA6	1	4	PTD	SERPINA6	chr14:94770584-94789673
1:224356878-224379451	NM_001277197	CNIH4	2	1	PTD	CNIH4	chr1:224544580-224567153
13:110878539-110915069	NM_001286721	ANKRD10	2	1	PTD	ANKRD10	chr13:111530886-111567416
6:25754698-25781198	NM_001286121	SLC17A4	1	10	PTD	SLC17A4	chr6:25754926-25781426
19:35405606-35416840	NR_040046	LINC01531	1	3	PTD	LINC01531	chr19:35896508-35907742
2:182909114-183038457	NM_013436	NCKAP1	2	10	PTD	NCKAP1	chr2:183773842-183903185
14:94127780-94129604	NM_032036	IFI27L2	1	1	PTD	IFI27L2	chr14:94594117-94595941
4:77157206-77170060	NM_004354	CCNG2	1	5	PTD	CCNG2	chr4:78078359-78091213
1:151870866-151909511	NM_053055	THEM4	2	1	PTD	THEM4	chr1:151843342-151881987
13:78787318-78840050	NR_046869	LINC00331	2	1	PTD	LINC00331	chr13:79361453-79414185
2:15166915-15561334	NM_015909	NBAS	1	20	PTD	NBAS	chr2:15307039-15701458
10:21513474-21525682	NM_207371	SKIDA1	2	2	PTD	SKIDA1	chr10:21802403-21814611
6:35342557-35428191	NM_001171818	PPARD	2	4	PTD	PPARD	chr6:35310334-35395968
5:140332842-140346603	NM_001945	HBEGF	1	3	PTD	HBEGF	chr5:139712427-139726188
12:132603150-132610582	NM_001195520	LRCOL1	2	4	PTD	LRCOL1	chr12:133179736-133187168
22:45413692-45432509	NM_015653	RIBC2	2	2	PTD	RIBC2	chr22:45809573-45828389
20:62708835-62762771	NM_002531	NTSR1	2	2	PTD	NTSR1	chr20:61340187-61394123
19:41673302-41688270	NM_001291485_2	CEACAM7	1	3	PTD	CEACAM7	chr19:42177230-42192199
8:41645176-41650817	NM_001364841	NKX6-3	2	1	PTD	NKX6-3	chr8:41502695-41508336
4:87799553-87812434	NM_004967	IBSP	2	2	PTD	IBSP	chr4:88720705-88733586
15:67065601-67195195	NM_001145102	SMAD3	1	1	PTD	SMAD3	chr15:67357939-67487533
8:108443582-108489196	NM_001329493	EMC2	1	10	PTD	EMC2	chr8:109455811-109501425
13:53815418-53876119	NR_047488	LINC00558	2	1	PTD	LINC00558	chr13:54389553-54450254
14:63684215-63728065	NM_030791_2	SGPP1	1	1	PTD	SGPP1	chr14:64150933-64194783
17:39757714-39864312	NM_001257408	IKZF3	2	4	PTD	IKZF3	chr17:37913967-38020565
15:34343314-34357737	NM_001284292	NUTM1	2	1	PTD	NUTM1	chr15:34635515-34649938
19:51331535-51342124	NM_001163922	VSIG10L	2	2	PTD	VSIG10L	chr19:51834789-51845378
4:33896340-34039893	NR_125902	LOC101928622	2	3	PTD	LOC101928622	chr4:33897962-34041515
9:36214440-36277056	NM_001128227	GNE	1	9	PTD	GNE	chr9:36214437-36277053
6:53001278-53061824	NM_014920	ICK	1	3	PTD	ICK	chr6:52866076-52926622
14:72619295-72894116	NM_001280542	DPF3	2	8	PTD	DPF3	chr14:73086003-73360824
16:84122138-84145195	NM_001146051	HSDL1	1	6	PTD	HSDL1	chr16:84155743-84178800
19:5782959-5784746	NM_001134316	PRR22	1	1	PTD	PRR22	chr19:5782970-5784757
15:65327126-65378002	NM_004884	IGDCC3	2	1	PTD	IGDCC3	chr15:65619464-65670340
1:151036585-151047720	NM_001159642	BNIPL	2	5	PTD	BNIPL	chr1:151009061-151020196
17:6578146-6640711	NM_001351225	KIAA0753	1	3	PTD	KIAA0753	chr17:6481466-6544031
22:35381095-35394207	NM_002133	HMOX1	1	3	PTD	HMOX1	chr22:35777088-35790200
4:48135782-48269838	NM_003215	TEC	2	5	PTD	TEC	chr4:48137799-48271855
12:122974725-122980042	NM_001304833	OGFOD2	1	4	PTD	OGFOD2	chr12:123459272-123464589
7:8433608-8752961	NM_152745	NXPH1	1	1	PTD	NXPH1	chr7:8473238-8792591
6:52664400-52669153	NR_024405	LOC730101	1	1	PTD	LOC730101	chr6:52529198-52533951
17:4785284-4786364	NM_001144939	VMO1	1	2	PTD	VMO1	chr17:4688579-4689659
19:32025861-32048899	NR_110673	LINC01533	1	2	PTD	LINC01533	chr19:32516767-32539805
18:9546793-9614559	NM_001042388	PPP4R1	1	1	PTD	PPP4R1	chr18:9546791-9614557
3:121593378-121630294	NM_016298	FBXO40	1	1	PTD	FBXO40	chr3:121312225-121349141
14:67241434-67336061	NM_001256550	MPP5	2	4	PTD	MPP5	chr14:67708151-67802778
1:226360690-226408093	NM_001618	PARP1	2	6	PTD	PARP1	chr1:226548391-226595794
22:25219638-25231869	NM_000496	CRYBB2	2	2	PTD	CRYBB2	chr22:25615605-25627836
4:176213674-176269222	NM_080874	ASB5	1	4	PTD	ASB5	chr4:177134825-177190373
7:149069640-149090718	NM_152411	ZNF786	1	2	PTD	ZNF786	chr7:148766732-148787810
9:136280941-136306901	NM_001291516	CCDC187	2	4	PTD	CCDC187	
19:47064189-47113776	NM_015168	ZC3H4	2	11	PTD	ZC3H4	chr19:47567446-47617033
22:29307022-29312787	NM_001278730	GAS2L1	2	4	PTD	GAS2L1	chr22:29703012-29708776
22:44243664-44312951	NM_001099294	SHISAL1	2	3	PTD	SHISAL1	chr22:44639544-44708831
2:161624334-161985276	NM_001178015	SLC4A10	2	17	PTD	SLC4A10	chr2:162480844-162841786
8:107899315-108083620	NM_001282863	RSPO2	1	1	PTD	RSPO2	chr8:108911543-109095848
10:127877840-127892941	NM_152311	CLRN3	1	1	PTD	CLRN3	chr10:129676104-129691205
5:172556724-172559014	NR_146726	LINC01944	1	2	PTD	LINC01944	chr5:171983727-171986017
19:9523222-9538645	NM_001300883	ZNF426	1	2	PTD	ZNF426	chr19:9633898-9649321
1:7847611-7853491	NM_006786	UTS2	1	2	PTD	UTS2	chr1:7907671-7913551
3:124905441-124934751	NM_033049	MUC13	2	9	PTD	MUC13	chr3:124624288-124653595
4:119799105-119804515	NR_110660	LINC01365	1	4	PTD	LINC01365	chr4:120720260-120725670
10:124757833-124791887	NM_001304467	EEF1AKMT2	1	5	PTD	EEF1AKMT2	chr10:126446402-126480456
6:150061052-150069121	NM_024518	ULBP3	1	3	PTD	ULBP3	chr6:150382188-150390257
2:6366009-6375422	NR_110251	LINC01247	1	1	PTD	LINC01247	chr2:6506141-6515554
12:8822620-8876787	NM_001282424	A2ML1	1	9	PTD	A2ML1	chr12:8975216-9029383
2:45174340-45254941	NR_033831	LINC01121	1	4	PTD	LINC01121	chr2:45401479-45482080
20:59300610-59325992	NM_001302455	EDN3	1	3	PTD	EDN3	chr20:57875665-57901047
11:15112423-15247208	NM_001031853	INSC	1	2	PTD	INSC	chr11:15133969-15268754
9:136791343-136793317	NM_032928	TMEM141	1	1	PTD	TMEM141	chr9:139685795-139687769
19:58083841-58118426	NM_001145542	ZSCAN18	2	4	PTD	ZSCAN18	chr19:58595208-58629793
7:98617284-98629869	NM_002523	NPTX2	2	3	PTD	NPTX2	chr7:98246596-98259181
15:45023194-45077185	NM_003104	SORD	1	3	PTD	SORD	chr15:45315392-45369383
13:45541293-45615739	NM_182542	ERICH6B	2	12	PTD	ERICH6B	chr13:46115428-46189874
1:165400921-165445355	NM_001256570	RXRG	2	5	INV	RXRG	chr1:165370158-165414592
2:171999952-172082429	NM_001322278	METAP1D	1	4	INV	METAP1D	chr2:172864859-172947157
11:59942878-59995845	NR_130719	OOSP1	2	4	INV	OOSP1	chr11:59710351-59763318
1:179082069-179095994	NM_022371	TOR3A	1	5	INV	TOR3A	chr1:179051204-179065129
5:171419646-171457626	NM_003862	FGF18	1	3	INV	FGF18	chr5:170846650-170884630
8:85245457-85284073	NM_198584	CA13	1	6	INV	CA13	chr8:86157686-86196302
19:40691529-40716886	NM_001142555	COQ8B	1	13	INV	COQ8B	chr19:41197434-41222791
8:57279542-57284731	NR_026772	LINC00588	1	2	INV	LINC00588	chr8:58192101-58197290
8:143990055-143993415	NM_000837	GRINA	2	2	INV	GRINA	chr8:145064223-145067583
4:15778327-15853232	NM_001775	CD38	1	6	INV	CD38	chr4:15779950-15854855
17:41393720-41397608	NM_002277	KRT31	2	5	INV	KRT31	chr17:39549972-39553860
12:57869834-57896482	NR_148947	LOC283387	2	1	INV	LOC283387	chr12:58263617-58290265
7:100466518-100479279	NM_001303043	TSC22D4	1	4	INV	TSC22D4	chr7:100064141-100076902
2:73234235-73253022	NM_001009570	CCT7	1	4	INV	CCT7	chr2:73461363-73480150
12:66136935-66170072	NM_001282606	TMBIM4	1	2	INV	TMBIM4	chr12:66530715-66563852
4:40335332-40355217	NM_017581	CHRNA9	2	3	INV	CHRNA9	chr4:40337349-40357234
15:85754940-85758725	NR_120366	LOC101929679	1	5	INV	LOC101929679	chr15:86298171-86301956
1:6415233-6419919	NM_019089	HES2	2	2	INV	HES2	chr1:6475293-6479979
2:130521221-130528603	NM_001079530	CFC1B	1	3	INV	CFC1B	chr2:131278794-131286176
1:222712552-222735196	NM_001288579	BROX	2	5	INV	BROX	chr1:222885894-222908538
22:41800621-41826299	NM_001304797	CCDC134	2	1	INV	CCDC134	chr22:42196625-42222303
2:230712841-230821075	NM_001130849	CAB39	2	2	INV	CAB39	chr2:231577556-231685790
3:197509782-197573323	NM_004051	BDH1	2	1	INV	BDH1	chr3:197236653-197300194
10:71319252-71363390	NM_001174098	SLC29A3	1	1	INV	SLC29A3	chr10:73079009-73123147
6:143450804-143490614	NM_003630	PEX3	2	6	INV	PEX3	chr6:143771941-143811751
5:177875260-177884268	NR_003615	LOC728554	1	3	INV	LOC728554	chr5:177302261-177311269
X:116436605-116461458	NM_007231	SLC6A14	2	4	INV	SLC6A14	chrX:115567773-115592625
8:123680793-123737393	NM_001003954	ANXA13	1	4	INV	ANXA13	chr8:124693033-124749633
22:30425767-30429054	NM_001003704	MTFP1	2	1	INV	MTFP1	chr22:30821755-30825041
5:174919081-174995731	NR_046113	LINC01951	2	1	INV	LINC01951	chr5:174346084-174422734
11:105610072-105982092	NM_000829	GRIA4	1	4	INV	GRIA4	chr11:105480799-105852819
11:14966667-14972351	NM_001033952	CALCA	1	3	INV	CALCA	chr11:14988213-14993897
2:219372042-219400007	NM_001319116	DNPEP	2	5	INV	DNPEP	chr2:220236764-220264729
11:116820699-116823304	NM_000482	APOA4	2	1	INV	APOA4	chr11:116691415-116694020
2:175923881-176002820	NM_001305008	LNPK	2	8	INV	LNPK	chr2:176788609-176867548
19:54502830-54510687	NM_002288_4	LAIR2	2	1	INV	LAIR2	chr19:55014046-55021897
2:219418376-219426734	NM_001927	DES	2	3	INV	DES	chr2:220283098-220291456
4:2963570-3040760	NM_001004056	GRK4	1	4	INV	GRK4	chr4:2965297-3042487
7:133099070-133108511	NR_133931	LOC105375512	1	2	INV	LOC105375512	chr7:132783830-132793271
19:9560336-9584504	NM_001008727	ZNF121	1	3	INV	ZNF121	chr19:9671012-9695180
6:159383530-159396441	NR_125873	LINC02529	1	1	INV	LINC02529	chr6:159804562-159817473
20:35302565-35412142	NM_001184977	UQCC1	2	4	INV	UQCC1	chr20:33890368-33999945
20:56358973-56368662	NM_080821	FAM210B	1	2	INV	FAM210B	chr20:54934029-54943718
7:93962763-94004355	NM_001317739	BET1	2	2	INV	BET1	chr7:93592075-93633667
4:55820002-55837382	NM_001351574	EXOC1L	2	1	INV	EXOC1L	chr4:56686168-56703548
3:58192256-58211003	NM_001256560	DNASE1L3	2	3	INV	DNASE1L3	chr3:58177983-58196730
21:44328943-44339390	NM_001271440	CFAP410	2	1	INV	CFAP410	chr21:45748826-45759273
8:144423600-144428563	NM_016208	VPS28	1	6	INV	VPS28	chr8:145648983-145653946
2:230416155-230545604	NM_001080391	SP100	2	23	INV	SP100	chr2:231280870-231410319
4:99546710-99564039	NM_001134665	TRMT10A	1	4	INV	TRMT10A	chr4:100467867-100485196
13:113878628-113883486	NR_047035	LINC00454	1	1	INV	LINC00454	chr13:114581601-114586459
4:169986601-170033003	NM_001301648	MFAP3L	2	1	INV	MFAP3L	chr4:170907752-170954154
7:117710650-117873441	NM_001363349	CTTNBP2	1	16	INV	CTTNBP2	chr7:117350704-117513495
8:37934280-37940124	NM_152413	GOT1L1	2	1	INV	GOT1L1	chr8:37791798-37797642
19:56382750-56393534	NM_001320371	ZNF582	2	1	INV	ZNF582	chr19:56894119-56904903
6:127708193-127918631	NM_001010923	THEMIS	1	3	INV	THEMIS	chr6:128029338-128239776
13:45106278-45113206	NR_120424	LOC101929259	1	1	INV	LOC101929259	chr13:45680413-45687341
4:82422563-82430225	NM_001207000	HNRNPDL	1	5	INV	HNRNPDL	chr4:83343716-83351378
3:67360459-67654614	NM_001177599	SUCLG2	2	9	INV	SUCLG2	chr3:67410883-67705038
1:217892899-217920804	NR_048550	LINC00210	2	2	INV	LINC00210	chr1:218066241-218094146
6:112347329-112351294	NM_001013734	RFPL4B	2	1	INV	RFPL4B	chr6:112668531-112672496
13:102729366-102759072	NM_001146197	CCDC168	1	1	INV	CCDC168	chr13:103381716-103411422
6:54846770-54945099	NM_001010872	FAM83B	1	1	INV	FAM83B	chr6:54711568-54809897
20:2692779-2760108	NM_001110514	EBF4	1	13	INV	EBF4	chr20:2673425-2740754
15:47803383-47846236	NR_120336	LINC01491	2	3	INV	LINC01491	chr15:48095580-48138433
19:16355243-16472012	NM_001258374	EPS15L1	1	23	INV	EPS15L1	chr19:16466054-16582823
8:42374062-42377229	NM_014420	DKK4	1	3	INV	DKK4	chr8:42231580-42234747
1:150809713-150876599	NM_001197325	ARNT	1	18	INV	ARNT	chr1:150782189-150849075
8:25841725-26045413	NM_022659	EBF2	1	9	INV	EBF2	chr8:25699241-25902929
2:25733752-25878487	NM_001369346	ASXL2	1	9	INV	ASXL2	chr2:25956621-26101356
3:15206245-15252916	NM_014296	CAPN7	2	5	INV	CAPN7	chr3:15247752-15294423
6:46549579-46652830	NM_001278738	CYP39A1	2	1	INV	CYP39A1	chr6:46517316-46620567
13:21671072-21704496	NM_002010	FGF9	2	1	INV	FGF9	chr13:22245211-22278635
3:27110902-27369460	NM_001031741	NEK10	2	6	INV	NEK10	chr3:27152393-27410951
18:42186667-42691424	NR_046174	LINC00907	2	2	INV	LINC00907	chr18:39766632-40271389
14:49643551-49688380	NM_001197330	POLE2	2	2	INV	POLE2	chr14:50110269-50155098
18:61748175-61754695	NR_103449	LINC01544	1	3	INV	LINC01544	chr18:59415408-59421928
11:32829926-32858120	NM_024081	PRRG4	1	3	INV	PRRG4	chr11:32851472-32879666
1:227563555-227679669	NM_001367909	ZNF678	1	2	INV	ZNF678	chr1:227751256-227867370
19:55262222-55280383	NM_001130106	HSPBP1	2	5	INV	HSPBP1	chr19:55773590-55791751
2:8682055-8684461	NM_002166	ID2	2	1	INV	ID2	chr2:8822185-8824591
1:197153681-197200542	NM_194314	ZBTB41	2	4	INV	ZBTB41	chr1:197122811-197169672
12:71439797-71586308	NM_001277226	LGR5	1	1	INV	LGR5	chr12:71833577-71980088
19:23357695-23395471	NM_001300951	ZNF91	2	1	INV	ZNF91	chr19:23540497-23578273
7:114922153-115019916	NM_001166345	MDFIC	1	4	INV	MDFIC	chr7:114562208-114659970
4:41990529-42090461	NM_006345	SLC30A9	2	2	INV	SLC30A9	chr4:41992546-42092478
1:247297414-247331867	NM_001329733	ZNF496	1	4	INV	ZNF496	chr1:247460716-247495169
4:94451856-94668227	NM_001011513	PDLIM5	2	5	INV	PDLIM5	chr4:95373007-95589378
3:122795068-122881139	NM_032839	SLC49A4	1	2	INV	SLC49A4	chr3:122513915-122599986
2:42048020-42058516	NM_138370	PKDCC	2	5	INV	PKDCC	chr2:42275160-42285656
19:18899513-18919387	NM_001330469	COPE	1	8	INV	COPE	chr19:19010322-19030196
14:51240246-51257654	NM_030755	TMX1	2	3	INV	TMX1	chr14:51706964-51724372
7:55238435-55255635	NR_110426	ELDR	2	2	INV	ELDR	chr7:55306128-55323328
13:91127612-91211698	NR_047004	LINC00379	2	1	INV	LINC00379	chr13:91779866-91863952
19:13206442-13506479	NM_000068	CACNA1A	1	39	INV	CACNA1A	chr19:13317256-13617293
15:44534504-44536923	NR_034171	EIF3J-DT	2	1	INV	EIF3J-DT	chr15:44826702-44829121
8:22138019-22141907	NM_001316964	REEP4	1	1	INV	REEP4	chr8:21995532-21999420
19:15010725-15023276	NM_173482	CCDC105	1	5	INV	CCDC105	chr19:15121537-15134088
17:38428463-38512385	NM_001199417_2	ARHGAP23	1	5	INV	ARHGAP23	chr17:36584707-36668621
4:169620577-169723671	NM_001243372	CLCN3	2	7	INV	CLCN3	chr4:170541728-170644822
1:183472498-183554191	NM_001174061	SMG7	127	8	EE	SMG7	chr1:183441633-183523326
14:61812161-62112550	NM_001367650	SYT16	48	5	EE	SYT16	chr14:62278879-62579268
4:139495934-139556769	NM_001306199	SETD7	184	7	EE	SETD7	chr4:140417088-140477923
12:126652945-126690318	NR_110034	LOC100996671	88	1	EE	LOC100996671	chr12:127137491-127174864
4:80185269-80204328	NM_001099403	PRDM8	190	1	EE	PRDM8	chr4:81106423-81125482
12:56338883-56340410	NM_016584	IL23A	38	1	EE	IL23A	chr12:56732667-56734194
6:151452257-151470099	NM_001286562	ARMT1	189	2	EE	ARMT1	chr6:151773392-151791234
2:230864184-230879254	NM_001012514	ITM2C	65	4	EE	ITM2C	chr2:231728899-231743969
3:47011541-47013467	NR_024046	NRADDP	131	1	EE	NRADDP	chr3:47053031-47054957
2:210290149-210315174	NM_079420	MYL1	162	5	EE	MYL1	chr2:211154873-211179898
8:54135240-54148514	NM_014175	MRPL15	73	3	EE	MRPL15	chr8:55047800-55061074
19:57614241-57624724	NM_003435	ZNF134	113	1	EE	ZNF134	chr19:58125609-58136092
4:108808725-109302658	NM_001256074	COL25A1	138	16	EE	COL25A1	chr4:109729881-110223814
18:49562056-49599184	NM_001308006	LIPG	102	2	EE	LIPG	chr18:47088426-47125554
8:141128588-141195804	NM_001352890	DENND3	45	15	EE	DENND3	chr8:142138687-142205903
7:38259642-38273647	NM_001003799	TARP	82	3	EE	TARP	chr7:38299243-38313248
4:44701794-44726634	NM_001270880	GNPDA2	97	2	EE	GNPDA2	chr4:44703811-44728651
19:47256524-47271953	NM_015603	CCDC9	144	5	EE	CCDC9	chr19:47759781-47775210
6:163414717-163578591	NM_001301085	QKI	161	4	EE	QKI	chr6:163835749-163999623
4:56467616-56503681	NM_001267722	SRP72	98	1	EE	SRP72	chr4:57333782-57369847
6:10521334-10629368	NM_001491	GCNT2	122	1	EE	GCNT2	chr6:10521567-10629601
19:3094361-3123998	NM_002067	GNA11	39	6	EE	GNA11	chr19:3094359-3123996
13:63183100-63328094	NR_126409	LINC00376	79	3	EE	LINC00376	chr13:63757233-63902227
13:88142866-88236082	NR_131919	LINC00373	53	4	EE	LINC00373	chr13:88795121-88888337
8:21690397-21788875	NM_001165038	GFRA2	78	5	EE	GFRA2	chr8:21547909-21646387
6:31959174-31969750	NM_006929_6	SKIV2L	45	10	EE	SKIV2L	chr6:31926951-31937527
X:14006725-14029892	NM_001042479	GEMIN8	157	3	EE	GEMIN8	chrX:14024844-14048011
19:44506158-44529675	NM_001102597	CEACAM20	127	3	EE	CEACAM20	chr19:45010210-45033698
11:59107184-59127416	NM_001142703	FAM111B	101	1	EE	FAM111B	chr11:58874657-58894889
17:75941510-75979166	NM_001185039	ACOX1	74	12	EE	ACOX1	chr17:73937591-73975247
13:63986370-64076011	NR_145420	LINC00355	76	4	EE	LINC00355	chr13:64560503-64650144
11:68754619-68841931	NM_001031847	CPT1A	48	18	EE	CPT1A	chr11:68522087-68609399
6:39188970-39229475	NM_003740	KCNK5	181	2	EE	KCNK5	chr6:39156746-39197251
7:83363237-83649139	NM_001178129	SEMA3E	165	5	EE	SEMA3E	chr7:82992553-83278455
19:36510686-36528271	NM_001012756	ZNF260	122	3	EE	ZNF260	chr19:37001588-37019173
9:137230756-137236554	NM_001177316	SLC34A3	182	3	EE	SLC34A3	chr9:140125208-140131006
1:181236387-181238604	NR_046249	LINC01699	159	2	EE	LINC01699	chr1:181205523-181207740
6:142966420-143037582	NR_038987	LINC01277	190	2	EE	LINC01277	chr6:143287557-143358719
10:34109559-34815325	NM_001184785	PARD3	124	11	EE	PARD3	chr10:34398487-35104253
3:178419200-178457305	NR_046786	LINC01014	167	1	EE	LINC01014	chr3:178136988-178175093
13:94436810-94549406	NM_001129889	DCT	54	5	EE	DCT	chr13:95089064-95201660
5:160249105-160339592	NM_001308173	CCNJL	125	5	EE	CCNJL	chr5:159676112-159766599
13:75240587-75252012	NR_132375	LINC01078	66	2	EE	LINC01078	chr13:75814723-75826148
14:24070836-24078100	NM_001280558	CPNE6	114	4	EE	CPNE6	chr14:24540045-24547309
19:21082146-21125080	NM_182515	ZNF714	48	1	EE	ZNF714	chr19:21264952-21307883
20:43507696-43541895	NM_015478	L3MBTL1	140	12	EE	L3MBTL1	chr20:42136336-42170535
2:127048022-127107154	NM_001320632	BIN1	182	1	EE	BIN1	chr2:127805598-127864730
9:136547841-136549744	NR_121577	NALT1	163	1	EE	NALT1	chr9:139442293-139444196
2:66383305-66392446	NR_130931	LINC01873	69	2	EE	LINC01873	chr2:66610437-66619578
19:41397817-41425002	NM_000709	BCKDHA	64	7	EE	BCKDHA	chr19:41903722-41930907
20:59958395-60014529	NM_001348204	CDH26	163	3	EE	CDH26	chr20:58533450-58589584
18:62325286-62391285	NM_001270949	TNFRSF11A	106	2	EE	TNFRSF11A	chr18:59992519-60058518
9:109171973-109320964	NM_018424	EPB41L4B	180	4	EE	EPB41L4B	chr9:111934253-112083244
8:115950510-116325059	NR_046215	LINC00536	159	11	EE	LINC00536	chr8:116962735-117337297
12:77021250-77065569	NM_203394	E2F7	98	10	EE	E2F7	chr12:77415030-77459349
2:3658199-3702670	NM_018436	ALLC	89	9	EE	ALLC	chr2:3705789-3750260
2:181954240-182131384	NM_001080545	PPP1R1C	199	4	EE	PPP1R1C	chr2:182818967-182996111
10:84279979-84294659	NR_038220	LINC00858	151	5	EE	LINC00858	chr10:86039735-86054415
19:58476351-58489533	NM_001304453	ZNF446	159	4	EE	ZNF446	chr19:58987718-59000900
11:34478790-34513794	NM_001243080	ELF5	33	1	EE	ELF5	chr11:34500337-34535341
15:73873563-73889214	NM_001286434	TBC1D21	143	1	EE	TBC1D21	chr15:74165904-74181555
22:38861421-38872216	NM_001303494	CBX6	103	4	EE	CBX6	chr22:39257426-39268221
15:51751596-51816361	NM_001142885	TMOD2	145	1	EE	TMOD2	chr15:52043793-52108558
12:45014671-45051099	NM_001004329	DBX2	118	2	EE	DBX2	chr12:45408454-45444882
6:35452360-35467104	NM_021922	FANCE	93	7	EE	FANCE	chr6:35420137-35434881
6:54308440-54390142	NM_014464	TINAG	168	6	EE	TINAG	chr6:54173238-54254940
20:33161769-33181412	NM_001319164	BPIFA2	30	4	EE	BPIFA2	chr20:31749575-31769218
7:97020395-97024831	NM_005221	DLX5	156	1	EE	DLX5	chr7:96649707-96654143
1:248838223-248849517	NM_024836	ZNF672	91	1	EE	ZNF672	chr1:249132422-249143716
5:164470278-164542983	NR_105065	LOC102546299	141	1	EE	LOC102546299	chr5:163897284-163969989
12:13044380-13083449	NM_020853	FAM234B	157	11	EE	FAM234B	chr12:13197314-13236383
8:144827517-144847508	NM_001282795	ZNF7	48	3	EE	ZNF7	chr8:146052902-146072893
2:69395750-69437628	NM_001002755	NFU1	114	4	EE	NFU1	chr2:69622882-69664760
14:104590863-104604772	NM_001286389_2	TMEM179	50	3	EE	TMEM179	chr14:105057200-105071109
8:8228569-8244865	NR_024361	FAM86B3P	145	3	EE	FAM86B3P	chr8:8086091-8102387
3:63652674-63665207	NM_001080537	SNTN	108	3	EE	SNTN	chr3:63638350-63650883
17:1344274-1400262	NM_006761	YWHAE	125	5	EE	YWHAE	chr17:1247568-1303556
6:52577201-52583993	NR_103446	TRAM2-AS1	87	2	EE	TRAM2-AS1	chr6:52441999-52448791
4:56647987-56681706	NM_001145459	HOPX	92	2	EE	HOPX	chr4:57514153-57547872
X:115003981-115017616	NM_000640	IL13RA2	116	2	EE	IL13RA2	chrX:114238544-114252179
5:6582135-6588500	NR_024423	LINC01018	110	2	EE	LINC01018	chr5:6582248-6588613
2:74421729-74425755	NM_001320823	WDR54	153	5	EE	WDR54	chr2:74648856-74652882
19:57830298-57846238	NM_001204818	ZNF587B	99	3	EE	ZNF587B	chr19:58341666-58357606
6:44246165-44253888	NM_001271969	HSP90AB1	119	1	EE	HSP90AB1	chr6:44213902-44221625
2:219075323-219160865	NM_024782	NHEJ1	165	5	EE	NHEJ1	chr2:219940045-220025587
X:25003695-25015965	NM_139058	ARX	105	3	EE	ARX	chrX:25021812-25034082
7:27200420-27207259	NR_037843	HOTTIP	162	2	EE	HOTTIP	chr7:27240039-27246878
8:80034745-80171564	NM_001025252	TPD52	59	3	EE	TPD52	chr8:80946980-81083799
22:39040863-39055970	NM_001006666	APOBEC3F	137	2	EE	APOBEC3F	chr22:39436868-39451975
20:3249301-3407662	NM_001009984	C20orf194	146	3	EE	C20orf194	chr20:3229947-3388309
19:12875208-12881449	NM_001375	DNASE2	61	5	EE	DNASE2	chr19:12986022-12992263
1:180972712-181023121	NM_001286210	STX6	133	5	EE	STX6	chr1:180941848-180992257
19:23763003-23835163	NM_001355283	RPSAP58	76	3	EE	RPSAP58	chr19:23945805-24017965
20:36996350-37095997	NM_001323281	RBL1	91	10	EE	RBL1	chr20:35624753-35724400
6:49550667-49561913	NR_146853	C6orf141	119	2	EE	C6orf141	chr6:49518380-49529626
2:19896630-19901983	NM_001008237	TTC32	86	1	EE	TTC32	chr2:20096391-20101744
3:196049283-196082090	NM_001128148	TFRC	175	4	EE	TFRC	chr3:195776154-195808961
22:21028717-21032561	NM_004173	SLC7A4	173	1	EE	SLC7A4	chr22:21383006-21386850
2:85418930-85437031	NM_201594	SH2D6	161	18	EE	SH2D6	chr2:85646053-85664154
11:104885717-104898670	NM_001191016	CASP12	40	5	EE	CASP12	chr11:104756444-104769397
10:62811995-62819167	NM_001136177	EGR2	159	2	NE	EGR2	chr10:64571755-64578927
1:162373202-162376854	NM_182581	SPATA46	132	1	NE	SPATA46	chr1:162342992-162346644
2:85595744-85597708	NM_016494	RNF181	177	1	NE	RNF181	chr2:85822867-85824831
22:44443326-44444788	NR_109966	LINC01656	184	2	NE	LINC01656	chr22:44839206-44840668
12:4649113-4694317	NM_005002	NDUFA9	154	8	NE	NDUFA9	chr12:4758279-4803483
12:14973041-14981865	NM_006205	PDE6H	197	3	NE	PDE6H	chr12:15125975-15134799
1:215567303-215621807	NM_001319294	KCTD3	116	3	NE	KCTD3	chr1:215740646-215795149
13:94704743-94708486	NR_120417	LOC101927248	47	1	NE	LOC101927248	chr13:95356997-95360740
6:169158091-169162989	NR_132622	LINC01615	173	1	NE	LINC01615	chr6:169558186-169563084
2:187341964-187448252	NM_001271751	CALCRL	67	3	NE	CALCRL	chr2:188206691-188312979
9:90462431-90582746	NR_034157	LINC01501	62	5	NE	LINC01501	chr9:93224713-93345028
12:81953718-81993133	NR_110089	LINC02426	86	2	NE	LINC02426	chr12:82347497-82386912
18:12991361-13125036	NM_032142	CEP192	147	20	NE	CEP192	chr18:12991360-13125035
4:52872983-53366061	NM_152540	SCFD2	145	2	NE	SCFD2	chr4:53739150-54232228
10:114239253-114294500	NM_001272046	VWA2	96	9	NE	VWA2	chr10:115999012-116054259
22:21045945-21064168	NM_001291006	LRRC74B	79	7	NE	LRRC74B	chr22:21400234-21418457
1:229593117-229626122	NM_001025247	TAF5L	169	3	NE	TAF5L	chr1:229728864-229761869
6:143059362-143343883	NM_001286587	AIG1	144	1	NE	AIG1	chr6:143380499-143665020
17:74776498-74839783	NM_001321264	TMEM104	68	6	NE	TMEM104	chr17:72772637-72835922
17:81244810-81295307	NM_001037984	SLC38A10	71	13	NE	SLC38A10	chr17:79218610-79269107
1:1418419-1421444	NM_001145210	ANKRD65	30	3	NE	ANKRD65	chr1:1353799-1356824
12:6534516-6538371	NM_001256799	GAPDH	65	1	NE	GAPDH	chr12:6643682-6647537
9:135462718-135472249	NR_038969	PPP1R26-AS1	32	1	NE	PPP1R26-AS1	chr9:138354564-138364095
10:43138444-43185306	NM_001319654	CSGALNACT2	161	4	NE	CSGALNACT2	chr10:43633892-43680754
7:31052307-31111479	NM_001118	ADCYAP1R1	114	9	NE	ADCYAP1R1	chr7:31091922-31151093
1:196044879-196088715	NR_146895	LINC01724	115	1	NE	LINC01724	chr1:196014009-196057845
19:23949518-23957953	NR_149007	LOC100505851	100	1	NE	LOC100505851	chr19:24132320-24140755
6:110243894-110358272	NM_001123364	METTL24	144	3	NE	METTL24	chr6:110565097-110679475
19:13764521-13774282	NM_001031727	MRI1	131	5	NE	MRI1	chr19:13875335-13885096
10:3775995-3785281	NM_001160124	KLF6	119	1	NE	KLF6	chr10:3818187-3827473
1:15409887-15430339	NM_024329	EFHD2	68	1	NE	EFHD2	chr1:15736383-15756835
9:133459964-133470844	NM_001135775	CACFD1	152	1	NE	CACFD1	chr9:136325086-136335966
19:19320828-19358754	NM_015329	MAU2	147	3	NE	MAU2	chr19:19431637-19469563
9:75060576-75088155	NM_001127603	NMRK1	100	6	NE	NMRK1	chr9:77675492-77703071
13:29509413-29595688	NM_003045	SLC7A1	104	7	NE	SLC7A1	chr13:30083550-30169825
5:142592177-142698070	NM_000800	FGF1	195	3	NE	FGF1	chr5:141971742-142077635
4:168497051-168928439	NM_001166108	PALLD	189	6	NE	PALLD	chr4:169418202-169849590
19:40191425-40215575	NM_002446	MAP3K10	68	5	NE	MAP3K10	chr19:40697332-40721482
11:45804071-45813016	NM_001145265	SLC35C1	149	1	NE	SLC35C1	chr11:45825622-45834567
14:74713143-74738620	NM_001318508	FCF1	199	2	NE	FCF1	chr14:75179846-75205323
14:61321442-61550980	NM_006255	PRKCH	65	2	NE	PRKCH	chr14:61788160-62017698
7:35202429-35254100	NM_001077653	TBX20	102	5	NE	TBX20	chr7:35242041-35293711
1:11980180-12013515	NM_001127660	MFN2	199	10	NE	MFN2	chr1:12040237-12073572
22:38084900-38110684	NM_025045	BAIAP2L2	176	11	NE	BAIAP2L2	chr22:38480907-38506691
18:65750251-65890336	NM_001317214	CDH7	199	8	NE	CDH7	chr18:63417487-63557572
20:49915821-49928821	NR_134564	LOC105372653	194	1	NE	LOC105372653	chr20:48532358-48545358
16:1959537-1961975	NM_004548	NDUFB10	56	1	NE	NDUFB10	chr16:2009538-2011976
16:89644435-89657708	NM_001083314	CHMP1A	177	3	NE	CHMP1A	chr16:89710843-89724116
10:104122057-104126385	NM_001002759	SFR1	82	3	NE	SFR1	chr10:105881815-105886143
8:85107237-85146079	NM_001349636	LRRCC1	140	10	NE	LRRCC1	chr8:86019472-86058314
15:73735430-73752370	NM_001303254	INSYN1	53	1	NE	INSYN1	chr15:74027771-74044711
X:70234654-70240659	NM_001013579	AWAT1	178	3	NE	AWAT1	chrX:69454504-69460509
1:158289922-158294774	NM_001765	CD1C	49	2	NE	CD1C	chr1:158259712-158264564
12:22448545-22544546	NM_001286173	C2CD5	120	13	NE	C2CD5	chr12:22601479-22697480
8:22106877-22109419	NM_024815	NUDT18	185	1	NE	NUDT18	chr8:21964388-21966932
6:28141882-28159472	NM_001278119	ZKSCAN8	167	2	NE	ZKSCAN8	chr6:28109660-28127250
12:4368226-4379712	NM_020638	FGF23	144	1	NE	FGF23	chr12:4477392-4488878
3:11137237-11263557	NM_000861	HRH1	50	2	NE	HRH1	chr3:11178923-11305243
17:44395276-44503406	NM_001002909	GPATCH8	48	1	NE	GPATCH8	chr17:42472644-42580774
3:108549865-108589438	NM_020890	CIP2A	197	4	NE	CIP2A	chr3:108268712-108308285
X:71239623-71255197	NM_001171162	ZMYM3	41	22	NE	ZMYM3	chrX:70459473-70475047
15:99807022-99882982	NR_135737	LOC400464	46	3	NE	LOC400464	chr15:100347227-100423187
10:11742381-11764070	NM_024693	ECHDC3	148	4	NE	ECHDC3	chr10:11784380-11806069
3:122359590-122383231	NM_001017928	CCDC58	32	3	NE	CCDC58	chr3:122078437-122102078
5:2303719-2312201	NR_104616	LOC100506858	62	1	NE	LOC100506858	chr5:2303833-2312315
1:179025803-179076574	NM_001324310	FAM20B	52	6	NE	FAM20B	chr1:178994938-179045709
14:104579763-104590515	NM_001008404_2	C14orf180	127	1	NE	C14orf180	chr14:105046100-105056852
6:7107742-7251980	NM_001003698	RREB1	164	3	NE	RREB1	chr6:7107975-7252213
19:1397025-1401542	NM_000156	GAMT	34	1	NE	GAMT	chr19:1397024-1401541
19:35704557-35717038	NM_001316902	ZBTB32	170	2	NE	ZBTB32	chr19:36195459-36207940
10:75094431-75109212	NM_001007271	DUSP13	88	1	NE	DUSP13	chr10:76854189-76868970
7:131500270-131556628	NM_001018111	PODXL	87	3	NE	PODXL	chr7:131185029-131241387
10:117128519-117138270	NM_001112704	VAX1	115	1	NE	VAX1	chr10:118888030-118897781
15:33303656-33310659	NR_120326	LOC101928134	177	1	NE	LOC101928134	chr15:33595857-33602860
9:72051380-72060605	NM_001128618	C9orf57	196	2	NE	C9orf57	chr9:74666296-74675521
18:3411926-3459980	NM_001278682	TGIF1	173	2	NE	TGIF1	chr18:3411924-3459978
Y:18872500-19077547	NR_125733	TTTY14	88	1	NE	TTTY14	chrY:21034386-21239433
6:79803582-79812246	NR_131786	LINC01621	170	4	NE	LINC01621	chr6:80513299-80521963
4:165070607-165112860	NM_001100389	TMEM192	163	5	NE	TMEM192	chr4:165991759-166034012
2:11179758-11345437	NM_001321643	ROCK2	117	23	NE	ROCK2	chr2:11319884-11485563
19:54923508-54947505	NM_001127255_9	NLRP7	93	4	NE	NLRP7	chr19:55434876-55458873
13:94760940-94935410	NR_110754	LOC101927284	180	3	NE	LOC101927284	chr13:95413194-95587664
2:206939517-206969474	NM_173077	CPO	109	3	NE	CPO	chr2:207804241-207834198
12:95076748-95217467	NM_018351	FGD6	111	13	NE	FGD6	chr12:95470524-95611243
6:292056-351355	NM_001286555	DUSP22	188	5	NE	DUSP22	chr6:292056-351355
19:36150921-36152447	NM_001864	COX7A1	173	1	NE	COX7A1	chr19:36641823-36643349
4:146706637-146945886	NM_001300761	TTC29	131	7	NE	TTC29	chr4:147627789-147867038
X:135985426-136047269	NM_001042537	SLC9A6	54	10	NE	SLC9A6	chrX:135067585-135129428
7:10931942-10940153	NM_002489	NDUFA4	63	1	NE	NDUFA4	chr7:10971569-10979780
18:31829179-31943128	NM_014939	TRAPPC8	51	13	NE	TRAPPC8	chr18:29409142-29523091
X:30653358-30731460	NM_000167	GK	126	2	NE	GK	chrX:30671475-30749577
X:13335240-13341825	NR_045260	LINC01203	40	3	NE	LINC01203	chrX:13353359-13359944
10:46033304-46046269	NM_002443	MSMB	51	2	NE	MSMB	chr10:51549552-51562517
11:76680165-76721789	NR_024042	GUCY2EP	119	12	NE	GUCY2EP	chr11:76391209-76432833
9:89360786-89497973	NM_001142287	SEMA4D	142	9	NE	SEMA4D	chr9:91975701-92112888
X:20149910-20266909	NM_004586	RPS6KA3	133	11	NE	RPS6KA3	chrX:20168028-20285027
4:17171756-17186057	NR_125919	LINC02493	185	1	NE	LINC02493	chr4:17173379-17187680
X:18162930-18220904	NM_001184767	BEND2	196	2	NE	BEND2	chrX:18181050-18239024
11:18322268-18367045	NM_001142307	GTF2H1	167	6	NE	GTF2H1	chr11:18343815-18388592
6:163338341-163347033	NR_033862	DKFZp451B082	150	3	NE	DKFZp451B082	chr6:163759373-163768065
5:151276360-151303766	NM_001145017	SLC36A3	3352	10	RI	SLC36A3	chr5:150655921-150683327
12:57459784-57472264	NM_001160045	GLI1	91	4	RI	GLI1	chr12:57853567-57866047
15:100602549-100651699	NM_024708	ASB7	6393	2	RI	ASB7	chr15:101142754-101191904
19:4969112-5153597	NM_001370093	KDM4B	4896	8	RI	KDM4B	chr19:4969123-5153608
19:52113090-52139938	NM_178523	ZNF616	6451	2	RI	ZNF616	chr19:52616343-52643191
7:156437788-156445588	NR_038232	LOC285889	2234	2	RI	LOC285889	chr7:156230482-156238282
10:119167719-119178812	NM_001302272	PRDX3	1251	4	RI	PRDX3	chr10:120927231-120938324
15:59438185-59523554	NM_152450	FAM81A	5319	6	RI	FAM81A	chr15:59730384-59815753
12:32790745-32896846	NM_001005242	PKP2	17953	4	RI	PKP2	chr12:32943679-33049780
11:80751200-80762803	NR_120570	LINC02720	1403	1	RI	LINC02720	chr11:80462243-80473846
4:78645993-78684501	NR_038303	LINC01094	3337	1	RI	LINC01094	chr4:79567147-79605655
20:35668051-35699352	NM_001198989	NFS1	1223	3	RI	NFS1	chr20:34255973-34287274
7:112206694-112343934	NM_021994	ZNF277	8794	2	RI	ZNF277	chr7:111846749-111983989
2:21001428-21044073	NM_000384	APOB	482	17	RI	APOB	chr2:21224300-21266945
10:116590958-116609175	NM_001303135	PNLIPRP1	2188	4	RI	PNLIPRP1	chr10:118350470-118368687
12:57941566-57959148	NM_001320408_2	ATP23	2997	5	RI	ATP23	chr12:58335349-58352931
17:4807151-4823430	NM_001243108	PLD2	210	22	RI	PLD2	chr17:4710446-4726725
17:1633857-1645732	NM_003693	SCARF1	85	9	RI	SCARF1	chr17:1537151-1549026
14:89955926-90044764	NM_001008744	TDP1	3752	4	RI	TDP1	chr14:90422270-90511108
2:26764283-26781231	NM_017877	SLC35F6	1559	5	RI	SLC35F6	chr2:26987151-27004099
11:10809296-10822931	NR_120540	LOC101928053	10810	2	RI	LOC101928053	chr11:10830843-10844478
8:42697365-42737407	NM_000749	CHRNB3	1521	2	RI	CHRNB3	chr8:42552508-42592550
7:87833567-87876360	NM_018843	SLC25A40	4822	10	RI	SLC25A40	chr7:87462882-87505675
14:74853032-74863834	NM_001080408	PROX2	1498	2	RI	PROX2	chr14:75319735-75330537
17:9825923-9892099	NM_004246	GLP2R	9542	10	RI	GLP2R	chr17:9729240-9795416
9:124878274-124941083	NM_002077	GOLGA1	3485	7	RI	GOLGA1	chr9:127640553-127703362
20:56392370-56406362	NM_001033521	CSTF1	159	3	RI	CSTF1	chr20:54967426-54981418
12:90918022-90948669	NR_038868	LINC00615	6063	3	RI	LINC00615	chr12:91311799-91342446
X:132023301-132075943	NM_001042452	STK26	88	4	RI	STK26	chrX:131157329-131209971
22:17592135-17628822	NM_001039366	ATP6V1E1	3577	6	RI	ATP6V1E1	chr22:18074901-18111588
11:108157214-108222638	NM_001321307	NPAT	926	6	RI	NPAT	chr11:108027941-108093365
20:33055330-33073637	NM_182658	BPIFB3	1736	4	RI	BPIFB3	chr20:31643136-31661443
11:29594412-29630674	NR_149106	LINC02546	3775	1	RI	LINC02546	chr11:29615959-29652221
7:1160373-1165958	NR_110065	LOC101927021	665	3	RI	LOC101927021	chr7:1200009-1205594
15:35546194-35859001	NR_038251	DPH6-DT	146097	2	RI	DPH6-DT	chr15:35838395-36151202
X:71301749-71305371	NM_001303277	ITGB1BP2	110	3	RI	ITGB1BP2	chrX:70521599-70525221
11:112086872-112095794	NM_001276503	SDHD	897	1	RI	SDHD	chr11:111957596-111966518
2:46392292-46394167	NR_146999	LINC01820	629	2	RI	LINC01820	chr2:46619431-46621306
X:130005187-130058083	NM_001184772	BCORL1	1746	4	RI	BCORL1	chrX:129139163-129192058
10:95036771-95069497	NM_000770	CYP2C8	2732	6	RI	CYP2C8	chr10:96796528-96829254
12:56271698-56300330	NM_004077	CS	332	10	RI	CS	chr12:56665482-56694114
2:238244043-238288610	NM_022817	PER2	1954	18	RI	PER2	chr2:239152684-239197251
10:46219024-46269608	NR_103827	ANTXRLP1	5049	3	RI	ANTXRLP1	chr10:47590260-47640844
8:22367277-22434127	NM_001128431	SLC39A14	1716	8	RI	SLC39A14	chr8:22224790-22291640
11:73675637-73761074	NM_001243718	RAB6A	1691	4	RI	RAB6A	chr11:73386682-73472119
14:77474394-77498816	NM_182509	ISM2	2129	5	RI	ISM2	chr14:77940737-77965159
17:44319624-44324870	NM_001143780	SLC25A39	431	3	RI	SLC25A39	chr17:42396992-42402238
18:59139883-59158831	NM_001307941	SEC11C	2913	2	RI	SEC11C	chr18:56807115-56826063
7:55793540-55862752	NM_207366	SEPTIN14	15305	2	RI	SEPTIN14	chr7:55861233-55930445
19:42220311-42228201	NM_001314033	ZNF526	81	2	RI	ZNF526	chr19:42724463-42732353
12:131894621-131923150	NM_003565	ULK1	605	16	RI	ULK1	chr12:132379166-132407695
11:60056627-60071115	NM_001031666	MS4A3	2632	2	RI	MS4A3	chr11:59824100-59838588
2:163602615-163736008	NM_018086	FIGN	765	1	RI	FIGN	chr2:164459125-164592518
22:36253070-36267531	NM_001136540	APOL1	4188	4	RI	APOL1	chr22:36649116-36663577
17:80991840-81000133	NM_024591	CHMP6	1248	4	RI	CHMP6	chr17:78965640-78973933
13:48975911-49209779	NM_001079673	FNDC3A	96	22	RI	FNDC3A	chr13:49550047-49783915
2:162267073-162318684	NM_022168	IFIH1	1407	12	RI	IFIH1	chr2:163123583-163175194
7:158631168-158704804	NM_001281932	NCAPG2	1130	27	RI	NCAPG2	chr7:158423860-158497495
10:101229593-101238859	NR_029380	LBX1-AS1	2439	1	RI	LBX1-AS1	chr10:102989350-102998616
4:69931067-69946572	NM_001025104	CSN1S1	513	7	RI	CSN1S1	chr4:70796785-70812290
12:45729705-45908037	NM_001347839	ARID2	86	19	RI	ARID2	chr12:46123488-46301820
22:31122922-31134697	NM_001002837	INPP5J	319	5	RI	INPP5J	chr22:31518908-31530683
19:2867334-2883445	NM_001300843	ZNF556	6071	1	RI	ZNF556	chr19:2867332-2883443
6:169751621-169781600	NM_001278531_2	ERMARD	1368	11	RI	ERMARD	chr6:170151717-170181696
17:28553386-28571524	NM_033198	PIGS	1104	10	RI	PIGS	chr17:26880404-26898542
2:117833730-117841656	NR_158150	LOC107985939	768	2	RI	LOC107985939	chr2:118591306-118599232
20:62122474-62135372	NM_144703	LSM14B	687	8	RI	LSM14B	chr20:60697530-60710428
11:49558527-49810417	NR_027044	LOC440040	1106	6	RI	LOC440040	chr11:49580079-49831969
19:41618970-41627074	NM_001362492	CEACAM4	499	4	RI	CEACAM4	chr19:42125343-42133442
9:34957486-34982544	NM_001304333	PHF24	373	7	RI	PHF24	chr9:34957483-34982541
16:283136-287215	NM_006849	PDIA2	85	3	RI	PDIA2	chr16:333136-337215
7:158730996-158829509	NM_001367773	ESYT2	2401	18	RI	ESYT2	chr7:158523687-158622200
4:188455577-188601908	NR_033869	LINC01060	989	1	RI	LINC01060	chr4:189376731-189523062
9:129803142-129811289	NM_001317893	TOR1B	661	1	RI	TOR1B	chr9:132565421-132573568
2:17510580-17530414	NM_001099218	RAD51AP2	1076	1	RI	RAD51AP2	chr2:17691847-17711681
8:81524980-81531390	NM_001105281	FABP12	1632	1	RI	FABP12	chr8:82437215-82443625
20:50510320-50585240	NM_001278618	PTPN1	538	5	RI	PTPN1	chr20:49126857-49201777
12:89947692-89949726	NR_135019	LINC02399	1226	2	RI	LINC02399	chr12:90341469-90343503
7:124337379-124352096	NR_110180	LOC101928211	1926	1	RI	LOC101928211	chr7:123977433-123992150
7:118224703-118242730	NM_019644	ANKRD7	642	4	RI	ANKRD7	chr7:117864757-117882784
X:135344795-135363413	NM_152695	ZNF449	1637	2	RI	ZNF449	chrX:134478720-134497338
8:120445418-120523636	NM_022045	MTBP	2544	7	RI	MTBP	chr8:121457658-121535876
1:243124427-243255406	NM_001042404	CEP170	1059	17	RI	CEP170	chr1:243287729-243418708
19:50505996-50511355	NM_001270639	JOSD2	1001	3	RI	JOSD2	chr19:51009253-51014612
12:122865329-122896124	NM_024667	VPS37B	2327	2	RI	VPS37B	chr12:123349876-123380671
15:43358171-43370060	NM_152455	ZSCAN29	2114	2	RI	ZSCAN29	chr15:43650369-43662258
10:73772275-73776218	NM_001284194	FUT11	148	1	RI	FUT11	chr10:75532033-75535976
12:52446650-52452146	NM_005555	KRT6B	124	4	RI	KRT6B	chr12:52840434-52845930
19:54115753-54131713	NM_015629_9	PRPF31	859	5	RI	PRPF31	chr19:54619133-54635144
1:160739056-160754818	NM_001282588	SLAMF7	857	3	RI	SLAMF7	chr1:160708846-160724608
11:6448612-6474459	NM_001248006	TRIM3	121	6	RI	TRIM3	chr11:6469842-6495689
17:28573119-28576895	NM_005165	ALDOC	1256	1	RI	ALDOC	chr17:26900137-26903913
18:2537529-2571505	NM_001308401	METTL4	8758	3	RI	METTL4	chr18:2537528-2571504
12:68686977-68745809	NM_001330192	NUP107	374	27	RI	NUP107	chr12:69080757-69139589
17:78360447-78373909	NR_110845	LOC101928674	1745	3	RI	LOC101928674	chr17:76356528-76369990
2:10122567-10131419	NM_001034	RRM2	2024	5	RI	RRM2	chr2:10262694-10271546
4:97366925-97490164	NR_102713	STPG2-AS1	1988	2	RI	STPG2-AS1	chr4:98288076-98411315
12:91050493-91058354	NM_007035	KERA	1454	1	RI	KERA	chr12:91444270-91452131
11:19224062-19241655	NM_001256371	E2F8	116	11	RI	E2F8	chr11:19245609-19263202
5:180988845-181006727	NM_197975	BTNL3	571	7	RI	BTNL3	chr5:180415845-180433727
4:24806116-24980204	NM_001130726	CCDC149	52, 63	9, 8	NEJ	CCDC149	chr4:24807738-24981826
17:42851183-42858131	NM_001277731	AOC3	69, 152	2, 3	NEJ	AOC3	chr17:41003200-41010148
11:88293591-88337736	NM_001114173	CTSC	30, 51	3, 2	NEJ	CTSC	chr11:88026759-88070904
19:57869380-57889037	NM_001144989	ZNF814	53, 73	3, 2	NEJ	ZNF814	chr19:58380748-58400405
17:27418004-27431623	NR_033892	TBC1D3P5	55, 36	7, 8	NEJ	TBC1D3P5	chr17:25745030-25758649
6:166922112-166956550	NM_003730	RNASET2	32, 66	7, 6	NEJ	RNASET2	chr6:167335600-167370038
12:59596028-59789840	NM_001270622	SLC16A7	47, 183	2, 3	NEJ	SLC16A7	chr12:59989809-60183621
17:4143167-4157701	NM_001254755	CYB5D2	120, 95	2, 3	NEJ	CYB5D2	chr17:4046461-4060995
4:117428397-117689103	NR_125757	LINC01378	61, 54	1, 2	NEJ	LINC01378	chr4:118349553-118610258
11:67613523-67615664	NR_033791	DOC2GP	71, 37	5, 4	NEJ	DOC2GP	chr11:67380994-67383135
12:52424069-52434371	NM_004693	KRT75	61, 36	2, 1	NEJ	KRT75	chr12:52817853-52828155
4:83292460-83335153	NM_001098540	HPSE	77, 49	9, 8	NEJ	HPSE	chr4:84213613-84256306
X:123859811-123913979	NM_001167	XIAP	175, 84	6, 7	NEJ	XIAP	chrX:122993661-123047829
9:86026142-86100201	NM_016548	GOLM1	85, 120	9, 8	NEJ	GOLM1	chr9:88641057-88715116
16:71845975-71857328	NM_001137675	ATXN1L	44, 199	2, 3	NEJ	ATXN1L	chr16:71879878-71891231
14:23356399-23365633	NM_001277174	EFS	45, 123	3, 2	NEJ	EFS	chr14:23825608-23834842
1:246566336-246668595	NM_001139459	CNST	187, 54	1, 2	NEJ	CNST	chr1:246729638-246831897
10:90740822-90858039	NM_000872	HTR7	134, 38	2, 1	NEJ	HTR7	chr10:92500579-92617796
2:131527674-131533666	NM_001258304	CCDC74A	147, 32	1, 2	NEJ	CCDC74A	chr2:132285247-132291239
4:40191079-40246967	NM_001278359	RHOH	179, 63	1, 2	NEJ	RHOH	chr4:40192699-40248587
2:27496838-27523683	NM_001486	GCKR	81, 91	9, 10	NEJ	GCKR	chr2:27719705-27746550
14:60734760-60969964	NM_001177963	MNAT1	64, 110	1, 2	NEJ	MNAT1	chr14:61201478-61436682
11:6205556-6211135	NM_173525	C11orf42	37, 75	2, 3	NEJ	C11orf42	chr11:6226786-6232365
X:152766135-152769729	NM_005363	MAGEA6	33, 52	2, 1	NEJ	MAGEA6	chrX:151934651-151938238
1:1471764-1497848	NM_001317238	ATAD3B	110, 97	12, 13	NEJ	ATAD3B	chr1:1407144-1433228
18:66501084-66604090	NM_001271028	CDH19	56, 74	9, 8	NEJ	CDH19	chr18:64168321-64271327
19:50943302-50953038	NM_001077491	KLK5	65, 31	4, 3	NEJ	KLK5	chr19:51446558-51456294
4:168216293-168318752	NM_017631	DDX60	90, 34	20, 19	NEJ	DDX60	chr4:169137444-169239903
10:72273923-72276036	NM_019058	DDIT4	52, 192	2, 3	NEJ	DDIT4	chr10:74033681-74035794
19:38619187-38636954	NM_001300992	EIF3K	34, 54	2, 3	NEJ	EIF3K	chr19:39109827-39127594
19:8065401-8149592	NM_001321431	FBN3	33, 47	11, 10	NEJ	FBN3	chr19:8130285-8214476
2:233475091-233566782	NM_001365479	USP40	36, 83	28, 27	NEJ	USP40	chr2:234383737-234475428
8:43292441-43363185	NM_001002920	POTEA	139, 76	1, 2	NEJ	POTEA	chr8:43147584-43218328
6:46129988-46146687	NM_014936	ENPP4	43, 33	1, 2	NEJ	ENPP4	chr6:46097725-46114424
15:44288718-44415758	NM_138423	CASC4	67, 69	4, 5	NEJ	CASC4	chr15:44580916-44707956
5:176143084-176199295	NR_036494	LOC643201	47, 61	14, 13	NEJ	LOC643201	chr5:175570087-175626298
11:66284579-66289143	NM_001300861	YIF1A	31, 132	3, 2	NEJ	YIF1A	chr11:66052050-66056614
11:27494417-27506769	NM_018362	LIN7C	91, 38	2, 1	NEJ	LIN7C	chr11:27515964-27528316
19:45039044-45070956	NM_001278439	CLASRP	78, 134	12, 13	NEJ	CLASRP	chr19:45542302-45574214
12:991222-1495933	NM_001301248	ERC1	113, 39	8, 9	NEJ	ERC1	chr12:1100388-1605099
8:70471133-70485687	NR_110653	LOC101926892	46, 148	2, 3	NEJ	LOC101926892	chr8:71383368-71397922
14:34709112-34714823	NM_001243645	CFL2	49, 198	3, 2	NEJ	CFL2	chr14:35178318-35184029
X:51095835-51171421	NR_110382	LINC01284	103, 56	9, 8	NEJ	LINC01284	chrX:50838681-50914253
X:15281708-15315640	NM_001012428	ASB11	35, 82	2, 1	NEJ	ASB11	chrX:15299830-15333762
17:39963003-39977768	NM_178171	GSDMA	53, 34	5, 6	NEJ	GSDMA	chr17:38119256-38134021
5:145756343-145835342	NM_138492	PRELID2	69, 133	2, 1	NEJ	PRELID2	chr5:145135906-145214905
19:55947831-55988629	NM_001317000	NLRP8	110, 35	8, 9	NEJ	NLRP8	chr19:56459197-56499995
2:38293953-38378584	NM_001135673	ATL2	33, 90	5, 4	NEJ	ATL2	chr2:38521095-38605726
4:141636582-141733987	NM_000585	IL15	33, 45	2, 3	NEJ	IL15	chr4:142557735-142655140
19:58228680-58277492	NM_001320767	ZNF544	58, 111	6, 7	NEJ	ZNF544	chr19:58740046-58788858
19:40593165-40629820	NM_001042544	LTBP4	195, 59	6, 7	NEJ	LTBP4	chr19:41099071-41135725
10:109864765-109923553	NM_001167604	XPNPEP1	67, 53	9, 8	NEJ	XPNPEP1	chr10:111624523-111683311
15:33236475-33247555	NR_046005	TMCO5B	80, 34	3, 2	NEJ	TMCO5B	chr15:33528676-33539756
19:55999725-56061808	NM_153447	NLRP5	41, 45	5, 6	NEJ	NLRP5	chr19:56511091-56573174
12:49791151-49828413	NM_001037806	NCKAP5L	90, 163	12, 11	NEJ	NCKAP5L	chr12:50184934-50222196
6:32854191-32859851	NM_002800_6	PSMB9	35, 38	1, 2	NEJ	PSMB9	chr6:32821968-32827628
5:177711049-177783425	NM_173663	FAM153A	44, 52	2, 1	NEJ	FAM153A	chr5:177138050-177210426
17:8204730-8210575	NM_001256834	AURKB	49, 44	4, 3	NEJ	AURKB	chr17:8108048-8113893
17:78971254-78979923	NM_005567	LGALS3BP	160, 51	3, 2	NEJ	LGALS3BP	chr17:76967336-76976005
11:117427771-117817514	NM_001367904	DSCAML1	118, 90	4, 3	NEJ	DSCAML1	chr11:117298487-117688229
20:51782330-51802521	NM_001318031	SALL4	185, 41	3, 2	NEJ	SALL4	chr20:50398869-50419060
4:54009790-54064605	NM_012110	CHIC2	41, 125	4, 3	NEJ	CHIC2	chr4:54875957-54930772
15:90998415-91022621	NM_001289148	VPS33B	87, 59	21, 20	NEJ	VPS33B	chr15:91541645-91565851
9:14733485-14910995	NM_001177704	FREM1	34, 82	9, 8	NEJ	FREM1	chr9:14733483-14910993
2:203014878-203217994	NM_001114132	NBEAL1	52, 101	33, 34	NEJ	NBEAL1	chr2:203879601-204082717
4:164754130-164803795	NM_001352885	SMIM31	175, 114	1, 2	NEJ	SMIM31	chr4:165675282-165724947
14:95573561-95581956	NR_146450	LINC02318	87, 36	1, 2	NEJ	LINC02318	chr14:96039898-96048293
22:28794559-28800572	NM_001079539	XBP1	32, 85	2, 1	NEJ	XBP1	chr22:29190547-29196560
17:38297022-38323218	NM_001278279	MRPL45	55, 78	3, 4	NEJ	MRPL45	chr17:36452988-36479101
10:52556979-52755404	NR_155748	LOC105378305	138, 81	3, 2	NEJ	LOC105378305	chr10:54316739-54515164
8:37406463-37521386	NR_121620	LINC01605	156, 113	7, 6	NEJ	LINC01605	chr8:37263981-37378904
17:43221416-43229011	NM_001363254	CCDC200	47, 54	3, 2	NEJ	CCDC200	chr17:41373436-41381062
5:160075884-160119450	NM_001267035	PWWP2A	119, 174	2, 1	NEJ	PWWP2A	chr5:159502891-159546457
X:129779948-129795200	NM_018990	SASH3	74, 59	2, 3	NEJ	SASH3	chrX:128913924-128929176
12:51848222-51852729	NR_135803	FIGNL2-DT	72, 30	1, 2	NEJ	FIGNL2-DT	chr12:52242006-52246513
2:47086990-47155308	NM_001163561	STPG4	54, 40	6, 5	NEJ	STPG4	chr2:47314129-47382447
2:21687433-21710652	NR_038837	LINC01822	134, 47	2, 1	NEJ	LINC01822	chr2:21910305-21933524
17:7240007-7242449	NM_007278	GABARAP	96, 56	3, 2	NEJ	GABARAP	chr17:7143326-7145768
X:44147871-44343672	NM_025184	EFHC2	132, 45	5, 4	NEJ	EFHC2	chrX:44007117-44202918
15:82355135-82415611	NR_004847	UBE2Q2P2	33, 68	3, 4	NEJ	UBE2Q2P2	chr15:83023840-83084341
10:75111655-75182123	NM_001174156	SAMD8	58, 64	2, 3	NEJ	SAMD8	chr10:76871413-76941881
1:155185823-155192915	NM_001018016	MUC1	58, 85	3, 2	NEJ	MUC1	
18:55105903-55124306	NR_110743	LINC01929	119, 124	2, 1	NEJ	LINC01929	chr18:52773134-52791537
6:30061264-30064907	NM_001278785_7	ZNRD1	99, 83	2, 3	NEJ	ZNRD1	chr6:30029041-30032684
12:132840351-132887618	NM_001161344	CHFR	45, 61	4, 3	NEJ	CHFR	chr12:133416937-133464204
2:167954021-168247595	NM_013233	STK39	93, 40	6, 5	NEJ	STK39	chr2:168810531-169104105
4:73052361-73069759	NM_001297732	COX18	92, 39	4, 3	NEJ	COX18	chr4:73918078-73935476
1:225936597-225941492	NM_001172425	LEFTY2	32, 103	4, 3	NEJ	LEFTY2	chr1:226124297-226129192
10:30692273-30717013	NR_036438	SVIL2P	118, 105	2, 3	NEJ	SVIL2P	chr10:30981202-31005942
9:133061981-133071861	NM_001807	CEL	68, 70	1, 2	NEJ	CEL	chr9:135937368-135947248
4:64914280-65004500	NR_033976	LINC02232	176, 55	7, 6	NEJ	LINC02232	chr4:65779998-65870218
17:7921858-7929435	NM_004732	KCNAB3	30, 133	2, 1	NEJ	KCNAB3	chr17:7825176-7832753
8:107249481-107497918	NM_001146	ANGPT1	68, 68	2, 1	NEJ	ANGPT1	chr8:108261709-108510146
15:91853707-92172435	NM_001145044	SLCO3A1	34, 138	7, 8	NEJ	SLCO3A1	chr15:92396937-92715665
4:99816826-99870189	NM_001306151	DAPP1	31, 42	5, 6	NEJ	DAPP1	chr4:100737983-100791346
17:40654664-40665177	NM_152349	KRT222	79, 42	5, 4	NEJ	KRT222	chr17:38810916-38821429
10:18545560-18659238	NM_001351115	NSUN6	44, 31	9, 8	NEJ	NSUN6	chr10:18834489-18948167
11:64590809-64602353	NM_001276326	SLC22A12	95, 101	8, 9	NEJ	SLC22A12	chr11:64358281-64369825
3:69054729-69080373	NM_001363861	UBA3	70, 67	13, 12	NEJ	UBA3	chr3:69103880-69129524
18:14337422-14342524	NR_026756	CYP4F35P	107, 122	3, 4	NEJ	CYP4F35P	chr18:14337421-14342523
2:187464230-187554505	NM_001032281	TFPI	6007	5-7	US	TFPI	chr2:188328957-188419232
16:280590-283010	NM_001176	ARHGDIG	689	2-6	US	ARHGDIG	chr16:330590-333010
15:38068811-38072990	NR_147201	LINC01852	2107	1-3	US	LINC01852	chr15:38361012-38365191
15:82088593-82097693	NR_120367	LINC01583	3953	3-6	US	LINC01583	chr15:82380934-82390034
2:219434842-219493629	NM_001173476	SPEG	3436	1-4	US	SPEG	chr2:220299564-220358351
10:115093364-115948998	NM_001276282	ATRNL1	27655	1-3	US	ATRNL1	chr10:116853123-117708509
18:63587299-63599199	NM_001307923	SERPINB13	9508	1-8	US	SERPINB13	chr18:61254533-61266433
3:108043093-108091088	NM_001777	CD47	19122	3-8	US	CD47	chr3:107761940-107809935
22:20859006-20891213	NM_004782	SNAP29	12937	2-4	US	SNAP29	chr22:21213294-21245501
1:212791827-212816830	NM_001042552	TATDN3	5124	1-4	US	TATDN3	chr1:212965169-212990172
10:121478329-121598458	NM_000141	FGFR2	16371	8-11	US	FGFR2	chr10:123237843-123357972
6:19729420-19804759	NR_134651	LOC100506885	73895	1-4	US	LOC100506885	chr6:19729651-19804990
22:40951377-40973309	NM_014248	RBX1	16322	1-4	US	RBX1	chr22:41347381-41369313
6:2245752-2413591	NR_046229	GMDS-DT	149095	3-7	US	GMDS-DT	chr6:2245986-2413825
17:75087764-75106160	NM_001271765	SLC16A5	12044	3-7	US	SLC16A5	chr17:73083859-73102255
4:94207607-94291292	NM_001128429	SMARCAD1	52626	3-19	US	SMARCAD1	chr4:95128758-95212443
8:27733315-27772640	NM_001304529	CCDC25	8433	2-4	US	CCDC25	chr8:27590832-27630157
3:6632357-6805449	NR_110123	GRM7-AS3	170191	1-3	US	GRM7-AS3	chr3:6674044-6847136
X:51803075-51902354	NM_001005332	MAGED1	4259	7-13	US	MAGED1	chrX:51546171-51645450
8:8783354-8893630	NM_004225	MFHAS1	104005	1-3	US	MFHAS1	chr8:8640864-8751140
20:13008971-13169103	NM_001349945	SPTLC3	87592	4-12	US	SPTLC3	chr20:12989619-13149750
19:11342775-11346305	NM_001145416	TMEM205	2399	2-4	US	TMEM205	chr19:11453451-11456981
6:169175303-169182740	NR_125863	LINC02544	7012	1-3	US	LINC02544	chr6:169575398-169582835
19:50384322-50418018	NM_001256849	POLD1	32219	1-24	US	POLD1	chr19:50887579-50921275
6:97305585-97708917	NR_110757	LOC101927314	312029	1-3	US	LOC101927314	chr6:97753461-98156793
7:49773637-49921950	NM_198570	VWC2	137920	1-4	US	VWC2	chr7:49813233-49961546
2:218859804-218874233	NM_006522	WNT6	13266	1-4	US	WNT6	chr2:219724527-219738955
5:159263289-159286034	NM_145049	UBLCP1	1577	4-6	US	UBLCP1	chr5:158690297-158713042
4:69480164-69526014	NM_001297615	UGT2B4	6996	2-4	US	UGT2B4	chr4:70345882-70391732
X:120872597-120875925	NM_001145718	CT47B1	2155	1-3	US	CT47B1	chrX:120006451-120009779
1:248739415-248755787	NM_001085474	LYPD8	11180	3-7	US	LYPD8	
19:50817680-50818878	NR_038359	LINC01869	392	1-3	US	LINC01869	chr19:51320936-51322134
19:54572987-54590287	NM_001130917	LILRA2	818	1-4	US	LILRA2	chr19:55084454-55101752
12:71686081-71705047	NM_018279	TMEM19	12089	1-5	US	TMEM19	chr12:72079861-72098827
9:19375715-19380236	NM_001010	RPS6	2319	3-6	US	RPS6	chr9:19375713-19380234
6:99369400-99394195	NM_017421	COQ3	4006	3-5	US	COQ3	chr6:99817276-99842071
11:62761579-62766710	NM_002696	POLR2G	3216	3-7	US	POLR2G	chr11:62529051-62534182
7:99273300-99297971	NR_002147	MYH16	3873	6-9	US	MYH16	chr7:98870923-98895594
17:35243071-35273654	NM_001330183	SLFN5	21928	1-4	US	SLFN5	chr17:33570090-33600673
10:21756547-22003730	NM_022365	DNAJC1	9505	10-12	US	DNAJC1	chr10:22045476-22292659
12:50952543-50970700	NM_001109619	HIGD1C	16349	3-5	US	HIGD1C	chr12:51346326-51364483
12:8602170-8612859	NM_001330343	AICDA	877	3-5	US	AICDA	chr12:8754766-8765455
17:81375431-81385382	NM_001272086	LOC100130370	4311	2-4	US	LOC100130370	chr17:79349231-79359182
11:63624086-63671974	NM_001290048	ATL3	12731	1-3	US	ATL3	chr11:63391558-63439446
1:220748321-220784815	NM_001317338	MARC2	12854	1-3	US	MARC2	chr1:220921663-220958157
19:16646147-16660157	NM_001300925	SMIM7	7123	1-5	US	SMIM7	chr19:16756958-16770968
22:19440886-19448232	NM_001166242	C22orf39	5970	1-3	US	C22orf39	chr22:19428409-19435755
15:52581320-52678634	NM_001286495	FAM214A	5883	4-6	US	FAM214A	chr15:52873517-52970831
19:46189028-46203062	NR_135234	IGFL2-AS1	12425	1-3	US	IGFL2-AS1	chr19:46692285-46706319
4:3063245-3074514	NR_045414	HTT-AS	10725	1-3	US	HTT-AS	chr4:3064972-3076241
17:76624762-76643757	NM_001289107	ST6GALNAC1	3093	3-9	US	ST6GALNAC1	chr17:74620844-74639839
11:8224308-8268787	NM_001270428	LMO1	43705	1-4	US	LMO1	chr11:8245855-8290334
14:85393878-85420076	NR_102737	LINC00911	25784	1-3	US	LINC00911	chr14:85860222-85886420
15:74179465-74209705	NM_001142617	STRA6	1593	14-16	US	STRA6	chr15:74471806-74502046
8:48008430-48064708	NM_003350	UBE2V2	41382	1-3	US	UBE2V2	chr8:48920990-48977268
4:181064089-181159149	NR_033918	LINC00290	94595	1-3	US	LINC00290	chr4:181985242-182080302
15:76931748-76954393	NM_001271837	RCN2	12687	3-7	US	RCN2	chr15:77224089-77246734
2:279557-288091	NM_001002919	ALKAL2	7430	2-6	US	ALKAL2	chr2:279557-288091
15:87576928-87579686	NR_026869	LINC00052	1027	1-3	US	LINC00052	chr15:88120159-88122917
14:39175253-39183220	NM_002687	PNN	3018	4-9	US	PNN	chr14:39644457-39652424
16:85027750-85094222	NM_001286565	KIAA0513	6883	9-13	US	KIAA0513	chr16:85061356-85127828
11:61588493-61607546	NR_110189	LOC101927495	13902	1-3	US	LOC101927495	chr11:61355965-61375018
10:87751511-87818231	NM_001321967	ATAD1	41739	1-6	US	ATAD1	chr10:89511268-89577988
3:182446969-182486362	NR_040105	LINC01994	22687	2-4	US	LINC01994	chr3:182164757-182204150
8:141433825-141507230	NM_207414_2	MROH5	36145	12-23	US	MROH5	chr8:142443925-142517330
16:84648510-84667686	NM_001303451	KLHL36	10647	2-4	US	KLHL36	chr16:84682116-84701292
4:73073375-73258798	NM_001286771	ANKRD17	20646	14-20	US	ANKRD17	chr4:73939092-74124515
19:54236589-54242795	NM_001360167_2	LILRA6	1184	6-8	US	LILRA6	
6:19068542-19180480	NR_110860	LOC101928519	51884	4-7	US	LOC101928519	chr6:19068773-19180711
6:29887572-29891079	NR_001434_4	HLA-H	1103	2-4	US	HLA-H	chr6:29855349-29858856
19:35902528-35904377	NM_001007469	HCST	1486	1-4	US	HCST	chr19:36393430-36395279
7:42932375-42937854	NM_031903	MRPL32	4805	1-3	US	MRPL32	chr7:42971974-42977453
17:43025230-43032041	NM_005440	RND2	2384	2-5	US	RND2	chr17:41177247-41184058
12:96194374-96269824	NM_001303511	ELK3	11531	1-3	US	ELK3	chr12:96588152-96663602
X:18239312-18354688	NM_006089	SCML2	10166	3-6	US	SCML2	chrX:18257432-18372808
X:48255391-48267444	NM_001278691	SSX1	4471	6-8	US	SSX1	chrX:48114826-48126879
17:41930616-41966503	NM_001350319	TTC25	2430	4-7	US	TTC25	
1:11026522-11047239	NM_006610	MASP2	16952	1-10	US	MASP2	chr1:11086579-11107296
6:33162691-33192468	NM_001163771	COL11A2	2501	2-5	US	COL11A2	chr6:33130468-33160245
10:93757808-93798174	NM_001308275	LGI1	34826	1-7	US	LGI1	chr10:95517565-95557931
3:46719582-46736427	NR_147121	PRSS46P	16303	1-4	US	PRSS46P	chr3:46761072-46777917
9:88535100-88575793	NM_145283	NXNL2	39350	1-3	US	NXNL2	chr9:91150015-91190708
12:57604823-57609802	NM_001286245	DTX3	2267	2-5	US	DTX3	chr12:57998606-58003585
19:45162932-45178237	NM_001270891	TRAPPC6A	940	4-6	US	TRAPPC6A	chr19:45666190-45681495
10:73133674-73168095	NM_001135752	ECD	18204	5-13	US	ECD	chr10:74893432-74927853
6:139771072-139860471	NR_038399	FILNC1	88161	1-3	US	FILNC1	chr6:140092209-140181608
6:70215060-70303084	NM_001851	COL9A1	29349	13-29	US	COL9A1	chr6:70924763-71012787
9:130664593-130682983	NM_021619	PRDM12	16371	1-5	US	PRDM12	chr9:133539980-133558370
12:8513502-8522364	NM_080387	CLEC4D	1951	3-5	US	CLEC4D	chr12:8666098-8674960
7:16791810-16804999	NM_006408	AGR2	3625	3-6	US	AGR2	chr7:16831434-16844623
7:37848596-37900396	NM_016616	NME8	37977	3-15	US	NME8	chr7:37888198-37939998
14:97458815-97581383	NR_110165	LINC02325	4704	1-3	US	LINC02325	chr14:97925152-98047720
18:9708300-9862551	NM_006868	RAB31	106671	1-5	US	RAB31	chr18:9708297-9862548
19:47870466-47886315	NM_003167	SULT2A1	8742	2-5	US	SULT2A1	chr19:48373723-48389572
2:10449727-10455552	NR_110597	ODC1-DT	2409	1-3	US	ODC1-DT	chr2:10589853-10595678
17:32265831-32324661	NM_001330181	RHBDL3	27215	3-7	US	RHBDL3	chr17:30592850-30651680
X:72272042-72277248	NM_001007	RPS4X	3220	1-5	US	RPS4X	chrX:71491892-71497098
7:42661725-42706447	NR_110833	LINC01448	43738	1-3	US	LINC01448	chr7:42701324-42746046
18:46104384-46128333	NM_138443	HAUS1	17930	2-6	US	HAUS1	chr18:43684350-43708299
17:4945649-4949086	NM_005022	PFN1	2265	1-3	US	PFN1	chr17:4848944-4852381
